{
    "total_n_trips": 48.0,
    "avg waiting time [sec]": 1089.4736842105262,
    "number users": 19.0,
    "served users": 19.0,
    "total driven distance [km]": 476.32574400000004,
    "avg travel time [sec]": 438.94736842105266,
    "occupancy": 0.13028737325606318,
    "empty vkm [frac]": 0.8697126267439372,
    "shared rides [frac]": 0.0,
    "total costs [euro]": 652.419884368,
    "driver costs [euro]": 582.4,
    "gas costs [euro]": 70.01988436799999
}