{
    "total_n_trips": 48.0,
    "avg waiting time [sec]": 1089.4736842105262,
    "number users": 19.0,
    "served users": 19.0,
    "total driven distance [km]": 476.32574400000004,
    "avg travel time [sec]": 344.2105263157895,
    "occupancy": 0.10675581918578812,
    "empty vkm [frac]": 0.8971026873575833,
    "shared rides [frac]": 0.10526315789473684,
    "total costs [euro]": 652.419884368,
    "driver costs [euro]": 582.4,
    "gas costs [euro]": 70.01988436799999
}