{
    "total_n_trips": 48.0,
    "avg waiting time [sec]": 947.3684210526316,
    "number users": 19.0,
    "served users": 19.0,
    "total driven distance [km]": 476.32574400000004,
    "avg travel time [sec]": 312.63157894736844,
    "occupancy": 0.09612254339962778,
    "empty vkm [frac]": 0.9101439581229105,
    "shared rides [frac]": 0.21052631578947367,
    "total costs [euro]": 652.419884368,
    "driver costs [euro]": 582.4,
    "gas costs [euro]": 70.01988436799999
}