{
    "total_n_trips": 48.0,
    "avg waiting time [sec]": 900.0,
    "number users": 19.0,
    "served users": 19.0,
    "total driven distance [km]": 476.32574400000004,
    "avg travel time [sec]": 410.5263157894737,
    "occupancy": 0.12240684181873655,
    "empty vkm [frac]": 0.8879937423663589,
    "shared rides [frac]": 0.3157894736842105,
    "total costs [euro]": 652.419884368,
    "driver costs [euro]": 582.4,
    "gas costs [euro]": 70.01988436799999
}