{
    "total_n_trips": 48.0,
    "avg waiting time [sec]": 805.2631578947369,
    "number users": 19.0,
    "served users": 19.0,
    "total driven distance [km]": 476.32574400000004,
    "avg travel time [sec]": 293.6842105263158,
    "occupancy": 0.08719596310544994,
    "empty vkm [frac]": 0.9164384551929662,
    "shared rides [frac]": 0.10526315789473684,
    "total costs [euro]": 652.419884368,
    "driver costs [euro]": 582.4,
    "gas costs [euro]": 70.01988436799999
}