,operator_id,vehicle_id,final_soc,final_node_index,final_time
0,0,0,0.7705396797984484,1125,7200.0
1,0,1,0.850745062732876,757,7355.273960999998
2,0,2,0.6850241320795563,1016,7664.807447999995
3,0,3,0.939571914899373,1395,7584.643445999999
4,0,4,0.817112136498328,321,7245.055998000003
