,type,total km,total kWh,total CO2 [g],fix costs,total variable costs
0,flex_bus,19.019116999999998,0.095095585,10.650705519999999,2500.0,475.0
1,flex_bus,71.05591700000001,0.35527958500000006,39.79131352000001,2500.0,1776.0
2,flex_bus,70.971347,0.354856735,39.74395432,2500.0,1774.0
3,flex_bus,67.204117,0.336020585,37.63430552,2500.0,1680.0
4,flex_bus,58.474667000000004,0.292373335,32.74581352,2500.0,1462.0
