{
    "total_n_trips": 48.0,
    "avg waiting time [sec]": 757.8947368421053,
    "number users": 19.0,
    "served users": 19.0,
    "total driven distance [km]": 476.32574400000004,
    "avg travel time [sec]": 306.3157894736842,
    "occupancy": 0.09357062590343634,
    "empty vkm [frac]": 0.9212071602831533,
    "shared rides [frac]": 0.42105263157894735,
    "total costs [euro]": 652.419884368,
    "driver costs [euro]": 582.4,
    "gas costs [euro]": 70.01988436799999
}