{
    "total_n_trips": 48.0,
    "avg waiting time [sec]": 852.6315789473684,
    "number users": 19.0,
    "served users": 19.0,
    "total driven distance [km]": 476.32574400000004,
    "avg travel time [sec]": 448.42105263157896,
    "occupancy": 0.13189548495199532,
    "empty vkm [frac]": 0.873378955977656,
    "shared rides [frac]": 0.10526315789473684,
    "total costs [euro]": 652.419884368,
    "driver costs [euro]": 582.4,
    "gas costs [euro]": 70.01988436799999
}