{
    "total_n_trips": 48.0,
    "avg waiting time [sec]": 994.7368421052631,
    "number users": 19.0,
    "served users": 19.0,
    "total driven distance [km]": 476.32574400000004,
    "avg travel time [sec]": 353.6842105263158,
    "occupancy": 0.1095257744456491,
    "empty vkm [frac]": 0.8928822205335183,
    "shared rides [frac]": 0.10526315789473684,
    "total costs [euro]": 652.419884368,
    "driver costs [euro]": 582.4,
    "gas costs [euro]": 70.01988436799999
}