{
    "total_n_trips": 48.0,
    "avg waiting time [sec]": 947.3684210526316,
    "number users": 19.0,
    "served users": 19.0,
    "total driven distance [km]": 476.32574400000004,
    "avg travel time [sec]": 341.05263157894734,
    "occupancy": 0.10318101135428025,
    "empty vkm [frac]": 0.9007112934882652,
    "shared rides [frac]": 0.10526315789473684,
    "total costs [euro]": 652.419884368,
    "driver costs [euro]": 582.4,
    "gas costs [euro]": 70.01988436799999
}