{
    "total_n_trips": 48.0,
    "avg waiting time [sec]": 1042.1052631578948,
    "number users": 19.0,
    "served users": 19.0,
    "total driven distance [km]": 476.32574400000004,
    "avg travel time [sec]": 388.42105263157896,
    "occupancy": 0.11657378946958614,
    "empty vkm [frac]": 0.8952288247514923,
    "shared rides [frac]": 0.3157894736842105,
    "total costs [euro]": 652.419884368,
    "driver costs [euro]": 582.4,
    "gas costs [euro]": 70.01988436799999
}