{
    "total_n_trips": 48.0,
    "avg waiting time [sec]": 979.5918367346939,
    "number users": 147.0,
    "served users": 147.0,
    "total driven distance [km]": 476.32574400000004,
    "avg travel time [sec]": 264.0816326530612,
    "occupancy": 0.6345853080743838,
    "empty vkm [frac]": 0.5975813811986617,
    "shared rides [frac]": 0.6666666666666666,
    "total costs [euro]": 652.419884368,
    "driver costs [euro]": 582.4,
    "gas costs [euro]": 70.01988436799999
}