{
    "total_n_trips": 48.0,
    "avg waiting time [sec]": 954.7297297297297,
    "number users": 148.0,
    "served users": 148.0,
    "total driven distance [km]": 476.32574400000004,
    "avg travel time [sec]": 317.8378378378378,
    "occupancy": 0.750703852362009,
    "empty vkm [frac]": 0.5518713387030371,
    "shared rides [frac]": 0.7432432432432432,
    "total costs [euro]": 652.419884368,
    "driver costs [euro]": 582.4,
    "gas costs [euro]": 70.01988436799999
}