{
    "total_n_trips": 48.0,
    "avg waiting time [sec]": 1016.3265306122449,
    "number users": 147.0,
    "served users": 147.0,
    "total driven distance [km]": 476.32574400000004,
    "avg travel time [sec]": 325.3061224489796,
    "occupancy": 0.7658057528799034,
    "empty vkm [frac]": 0.5594163560473022,
    "shared rides [frac]": 0.782312925170068,
    "total costs [euro]": 652.419884368,
    "driver costs [euro]": 582.4,
    "gas costs [euro]": 70.01988436799999
}