{
    "total_n_trips": 48.0,
    "avg waiting time [sec]": 998.6301369863014,
    "number users": 146.0,
    "served users": 146.0,
    "total driven distance [km]": 476.32574400000004,
    "avg travel time [sec]": 309.45205479452056,
    "occupancy": 0.7272904548279046,
    "empty vkm [frac]": 0.5883988710045455,
    "shared rides [frac]": 0.7328767123287672,
    "total costs [euro]": 652.419884368,
    "driver costs [euro]": 582.4,
    "gas costs [euro]": 70.01988436799999
}