{
    "total_n_trips": 48.0,
    "avg waiting time [sec]": 973.469387755102,
    "number users": 147.0,
    "served users": 147.0,
    "total driven distance [km]": 476.32574400000004,
    "avg travel time [sec]": 297.9591836734694,
    "occupancy": 0.7209283422648685,
    "empty vkm [frac]": 0.5784837949048585,
    "shared rides [frac]": 0.7551020408163265,
    "total costs [euro]": 652.419884368,
    "driver costs [euro]": 582.4,
    "gas costs [euro]": 70.01988436799999
}