{
    "total_n_trips": 48.0,
    "avg waiting time [sec]": 1023.2876712328767,
    "number users": 146.0,
    "served users": 146.0,
    "total driven distance [km]": 476.32574400000004,
    "avg travel time [sec]": 302.4657534246575,
    "occupancy": 0.7026102204545135,
    "empty vkm [frac]": 0.5831697855910979,
    "shared rides [frac]": 0.6986301369863014,
    "total costs [euro]": 652.419884368,
    "driver costs [euro]": 582.4,
    "gas costs [euro]": 70.01988436799999
}