{
    "total_n_trips": 48.0,
    "avg waiting time [sec]": 954.7297297297297,
    "number users": 148.0,
    "served users": 148.0,
    "total driven distance [km]": 476.32574400000004,
    "avg travel time [sec]": 308.1081081081081,
    "occupancy": 0.7180827307960916,
    "empty vkm [frac]": 0.5588966276825889,
    "shared rides [frac]": 0.7027027027027027,
    "total costs [euro]": 652.419884368,
    "driver costs [euro]": 582.4,
    "gas costs [euro]": 70.01988436799999
}