{
    "total_n_trips": 48.0,
    "avg waiting time [sec]": 924.6575342465753,
    "number users": 146.0,
    "served users": 146.0,
    "total driven distance [km]": 476.32574400000004,
    "avg travel time [sec]": 294.6575342465753,
    "occupancy": 0.6963281014683096,
    "empty vkm [frac]": 0.583146110616268,
    "shared rides [frac]": 0.6438356164383562,
    "total costs [euro]": 652.419884368,
    "driver costs [euro]": 582.4,
    "gas costs [euro]": 70.01988436799999
}