{
    "total_n_trips": 48.0,
    "avg waiting time [sec]": 992.4657534246576,
    "number users": 146.0,
    "served users": 146.0,
    "total driven distance [km]": 476.32574400000004,
    "avg travel time [sec]": 304.93150684931504,
    "occupancy": 0.7176955545782975,
    "empty vkm [frac]": 0.5590256024457082,
    "shared rides [frac]": 0.6917808219178082,
    "total costs [euro]": 652.419884368,
    "driver costs [euro]": 582.4,
    "gas costs [euro]": 70.01988436799999
}