{
    "total_n_trips": 48.0,
    "avg waiting time [sec]": 955.1020408163265,
    "number users": 147.0,
    "served users": 147.0,
    "total driven distance [km]": 476.32574400000004,
    "avg travel time [sec]": 349.7959183673469,
    "occupancy": 0.8201427487824381,
    "empty vkm [frac]": 0.5003971924725533,
    "shared rides [frac]": 0.782312925170068,
    "total costs [euro]": 652.419884368,
    "driver costs [euro]": 582.4,
    "gas costs [euro]": 70.01988436799999
}