{
    "total_n_trips": 48.0,
    "avg waiting time [sec]": 875.4545454545455,
    "number users": 110.0,
    "served users": 110.0,
    "total driven distance [km]": 476.32574400000004,
    "avg travel time [sec]": 300.54545454545456,
    "occupancy": 0.5359274135726747,
    "empty vkm [frac]": 0.6491306042026572,
    "shared rides [frac]": 0.6636363636363637,
    "total costs [euro]": 652.419884368,
    "driver costs [euro]": 582.4,
    "gas costs [euro]": 70.01988436799999
}