{
    "total_n_trips": 48.0,
    "avg waiting time [sec]": 1030.909090909091,
    "number users": 110.0,
    "served users": 110.0,
    "total driven distance [km]": 476.32574400000004,
    "avg travel time [sec]": 329.45454545454544,
    "occupancy": 0.5833097444340525,
    "empty vkm [frac]": 0.5961700319099279,
    "shared rides [frac]": 0.6272727272727273,
    "total costs [euro]": 652.419884368,
    "driver costs [euro]": 582.4,
    "gas costs [euro]": 70.01988436799999
}