{
    "total_n_trips": 48.0,
    "avg waiting time [sec]": 1022.7272727272727,
    "number users": 110.0,
    "served users": 110.0,
    "total driven distance [km]": 476.32574400000004,
    "avg travel time [sec]": 313.6363636363636,
    "occupancy": 0.5670728055378843,
    "empty vkm [frac]": 0.5842654013678508,
    "shared rides [frac]": 0.5727272727272728,
    "total costs [euro]": 652.419884368,
    "driver costs [euro]": 582.4,
    "gas costs [euro]": 70.01988436799999
}