{
    "total_n_trips": 48.0,
    "avg waiting time [sec]": 998.1818181818181,
    "number users": 110.0,
    "served users": 110.0,
    "total driven distance [km]": 476.32574400000004,
    "avg travel time [sec]": 302.1818181818182,
    "occupancy": 0.5443334908221966,
    "empty vkm [frac]": 0.6343359975941173,
    "shared rides [frac]": 0.6727272727272727,
    "total costs [euro]": 652.419884368,
    "driver costs [euro]": 582.4,
    "gas costs [euro]": 70.01988436799999
}