{
    "total_n_trips": 48.0,
    "avg waiting time [sec]": 932.7272727272727,
    "number users": 110.0,
    "served users": 110.0,
    "total driven distance [km]": 476.32574400000004,
    "avg travel time [sec]": 291.27272727272725,
    "occupancy": 0.5169846142097244,
    "empty vkm [frac]": 0.6682020991080426,
    "shared rides [frac]": 0.5636363636363636,
    "total costs [euro]": 652.419884368,
    "driver costs [euro]": 582.4,
    "gas costs [euro]": 70.01988436799999
}