{
    "total_n_trips": 48.0,
    "avg waiting time [sec]": 1050.0,
    "number users": 36.0,
    "served users": 36.0,
    "total driven distance [km]": 476.32574400000004,
    "avg travel time [sec]": 320.0,
    "occupancy": 0.1850429923434917,
    "empty vkm [frac]": 0.8503347973566597,
    "shared rides [frac]": 0.25,
    "total costs [euro]": 652.419884368,
    "driver costs [euro]": 582.4,
    "gas costs [euro]": 70.01988436799999
}