{
    "total_n_trips": 48.0,
    "avg waiting time [sec]": 975.0,
    "number users": 36.0,
    "served users": 36.0,
    "total driven distance [km]": 476.32574400000004,
    "avg travel time [sec]": 288.3333333333333,
    "occupancy": 0.17025867911099088,
    "empty vkm [frac]": 0.8492139068595046,
    "shared rides [frac]": 0.25,
    "total costs [euro]": 652.419884368,
    "driver costs [euro]": 582.4,
    "gas costs [euro]": 70.01988436799999
}