{
    "total_n_trips": 48.0,
    "avg waiting time [sec]": 960.8108108108108,
    "number users": 74.0,
    "served users": 74.0,
    "total driven distance [km]": 476.32574400000004,
    "avg travel time [sec]": 312.97297297297297,
    "occupancy": 0.36134605187327423,
    "empty vkm [frac]": 0.7470925988833396,
    "shared rides [frac]": 0.5540540540540541,
    "total costs [euro]": 652.419884368,
    "driver costs [euro]": 582.4,
    "gas costs [euro]": 70.01988436799999
}