{
    "total_n_trips": 48.0,
    "avg waiting time [sec]": 924.3243243243244,
    "number users": 111.0,
    "served users": 111.0,
    "total driven distance [km]": 476.32574400000004,
    "avg travel time [sec]": 311.35135135135135,
    "occupancy": 0.5556312089652665,
    "empty vkm [frac]": 0.6018061392037632,
    "shared rides [frac]": 0.5855855855855856,
    "total costs [euro]": 652.419884368,
    "driver costs [euro]": 582.4,
    "gas costs [euro]": 70.01988436799999
}