{
    "total_n_trips": 48.0,
    "avg waiting time [sec]": 957.2727272727273,
    "number users": 110.0,
    "served users": 110.0,
    "total driven distance [km]": 476.32574400000004,
    "avg travel time [sec]": 346.90909090909093,
    "occupancy": 0.6105225335038789,
    "empty vkm [frac]": 0.6001027607695295,
    "shared rides [frac]": 0.6818181818181818,
    "total costs [euro]": 652.419884368,
    "driver costs [euro]": 582.4,
    "gas costs [euro]": 70.01988436799999
}