{
    "total_n_trips": 48.0,
    "avg waiting time [sec]": 981.8181818181819,
    "number users": 110.0,
    "served users": 110.0,
    "total driven distance [km]": 476.32574400000004,
    "avg travel time [sec]": 308.1818181818182,
    "occupancy": 0.5430052023390112,
    "empty vkm [frac]": 0.6259064889005876,
    "shared rides [frac]": 0.5454545454545454,
    "total costs [euro]": 652.419884368,
    "driver costs [euro]": 582.4,
    "gas costs [euro]": 70.01988436799999
}