{
    "total_n_trips": 48.0,
    "avg waiting time [sec]": 1006.3636363636364,
    "number users": 110.0,
    "served users": 110.0,
    "total driven distance [km]": 476.32574400000004,
    "avg travel time [sec]": 322.3636363636364,
    "occupancy": 0.566931406504033,
    "empty vkm [frac]": 0.6104162784869344,
    "shared rides [frac]": 0.6090909090909091,
    "total costs [euro]": 652.419884368,
    "driver costs [euro]": 582.4,
    "gas costs [euro]": 70.01988436799999
}