{
    "total_n_trips": 48.0,
    "avg waiting time [sec]": 981.8181818181819,
    "number users": 110.0,
    "served users": 110.0,
    "total driven distance [km]": 476.32574400000004,
    "avg travel time [sec]": 299.45454545454544,
    "occupancy": 0.5138252300719652,
    "empty vkm [frac]": 0.6073486928726662,
    "shared rides [frac]": 0.509090909090909,
    "total costs [euro]": 652.419884368,
    "driver costs [euro]": 582.4,
    "gas costs [euro]": 70.01988436799999
}