{
    "total_n_trips": 48.0,
    "avg waiting time [sec]": 982.6530612244898,
    "number users": 294.0,
    "served users": 294.0,
    "total driven distance [km]": 476.32574400000004,
    "avg travel time [sec]": 303.6734693877551,
    "occupancy": 1.4357565292544834,
    "empty vkm [frac]": 0.4028251011349915,
    "shared rides [frac]": 0.9081632653061225,
    "total costs [euro]": 652.419884368,
    "driver costs [euro]": 582.4,
    "gas costs [euro]": 70.01988436799999
}