{
    "total_n_trips": 48.0,
    "avg waiting time [sec]": 970.4081632653061,
    "number users": 294.0,
    "served users": 294.0,
    "total driven distance [km]": 476.32574400000004,
    "avg travel time [sec]": 324.2857142857143,
    "occupancy": 1.5223247643738522,
    "empty vkm [frac]": 0.3471131659010226,
    "shared rides [frac]": 0.8571428571428571,
    "total costs [euro]": 652.419884368,
    "driver costs [euro]": 582.4,
    "gas costs [euro]": 70.01988436799999
}