{
    "total_n_trips": 48.0,
    "avg waiting time [sec]": 1029.0102389078497,
    "number users": 293.0,
    "served users": 293.0,
    "total driven distance [km]": 476.32574400000004,
    "avg travel time [sec]": 297.9522184300341,
    "occupancy": 1.408206399610432,
    "empty vkm [frac]": 0.3599774821324795,
    "shared rides [frac]": 0.8839590443686007,
    "total costs [euro]": 652.419884368,
    "driver costs [euro]": 582.4,
    "gas costs [euro]": 70.01988436799999
}