{
    "total_n_trips": 48.0,
    "avg waiting time [sec]": 997.9591836734694,
    "number users": 294.0,
    "served users": 294.0,
    "total driven distance [km]": 476.32574400000004,
    "avg travel time [sec]": 306.1224489795918,
    "occupancy": 1.4461144892475102,
    "empty vkm [frac]": 0.37934816095096485,
    "shared rides [frac]": 0.8809523809523809,
    "total costs [euro]": 652.419884368,
    "driver costs [euro]": 582.4,
    "gas costs [euro]": 70.01988436799999
}