{
    "total_n_trips": 48.0,
    "avg waiting time [sec]": 970.4081632653061,
    "number users": 294.0,
    "served users": 294.0,
    "total driven distance [km]": 476.32574400000004,
    "avg travel time [sec]": 304.6938775510204,
    "occupancy": 1.4301644632501749,
    "empty vkm [frac]": 0.40385125184415815,
    "shared rides [frac]": 0.8741496598639455,
    "total costs [euro]": 652.419884368,
    "driver costs [euro]": 582.4,
    "gas costs [euro]": 70.01988436799999
}