{
    "total_n_trips": 48.0,
    "avg waiting time [sec]": 973.469387755102,
    "number users": 294.0,
    "served users": 294.0,
    "total driven distance [km]": 476.32574400000004,
    "avg travel time [sec]": 319.38775510204084,
    "occupancy": 1.499001357776707,
    "empty vkm [frac]": 0.3901616159549841,
    "shared rides [frac]": 0.8639455782312925,
    "total costs [euro]": 652.419884368,
    "driver costs [euro]": 582.4,
    "gas costs [euro]": 70.01988436799999
}