{
    "total_n_trips": 48.0,
    "avg waiting time [sec]": 964.5051194539249,
    "number users": 293.0,
    "served users": 293.0,
    "total driven distance [km]": 476.32574400000004,
    "avg travel time [sec]": 289.35153583617745,
    "occupancy": 1.3748924454522022,
    "empty vkm [frac]": 0.38256537106253913,
    "shared rides [frac]": 0.8703071672354948,
    "total costs [euro]": 652.419884368,
    "driver costs [euro]": 582.4,
    "gas costs [euro]": 70.01988436799999
}