{
    "total_n_trips": 48.0,
    "avg waiting time [sec]": 975.0,
    "number users": 72.0,
    "served users": 72.0,
    "total driven distance [km]": 476.32574400000004,
    "avg travel time [sec]": 320.8333333333333,
    "occupancy": 0.3656961799654481,
    "empty vkm [frac]": 0.7279061679269642,
    "shared rides [frac]": 0.5277777777777778,
    "total costs [euro]": 652.419884368,
    "driver costs [euro]": 582.4,
    "gas costs [euro]": 70.01988436799999
}