{
    "total_n_trips": 48.0,
    "avg waiting time [sec]": 948.6486486486486,
    "number users": 74.0,
    "served users": 74.0,
    "total driven distance [km]": 476.32574400000004,
    "avg travel time [sec]": 366.4864864864865,
    "occupancy": 0.4179117557836639,
    "empty vkm [frac]": 0.7048963051638045,
    "shared rides [frac]": 0.6486486486486487,
    "total costs [euro]": 652.4198843679999,
    "driver costs [euro]": 582.4,
    "gas costs [euro]": 70.01988436799999
}