{
    "total_n_trips": 48.0,
    "avg waiting time [sec]": 961.6438356164383,
    "number users": 73.0,
    "served users": 73.0,
    "total driven distance [km]": 476.32574400000004,
    "avg travel time [sec]": 298.35616438356163,
    "occupancy": 0.3630573870472976,
    "empty vkm [frac]": 0.7051840851163405,
    "shared rides [frac]": 0.4246575342465753,
    "total costs [euro]": 652.4198843679999,
    "driver costs [euro]": 582.4,
    "gas costs [euro]": 70.01988436799999
}