{
    "total_n_trips": 48.0,
    "avg waiting time [sec]": 973.972602739726,
    "number users": 73.0,
    "served users": 73.0,
    "total driven distance [km]": 476.32574400000004,
    "avg travel time [sec]": 329.5890410958904,
    "occupancy": 0.3789987802968718,
    "empty vkm [frac]": 0.7273502563405436,
    "shared rides [frac]": 0.6438356164383562,
    "total costs [euro]": 652.419884368,
    "driver costs [euro]": 582.4,
    "gas costs [euro]": 70.01988436799999
}