{
    "total_n_trips": 48.0,
    "avg waiting time [sec]": 1084.9315068493152,
    "number users": 73.0,
    "served users": 73.0,
    "total driven distance [km]": 476.32574400000004,
    "avg travel time [sec]": 289.3150684931507,
    "occupancy": 0.3414247519655372,
    "empty vkm [frac]": 0.7277101739014975,
    "shared rides [frac]": 0.547945205479452,
    "total costs [euro]": 652.4198843679999,
    "driver costs [euro]": 582.4,
    "gas costs [euro]": 70.01988436799999
}