{
    "total_n_trips": 48.0,
    "avg waiting time [sec]": 948.6486486486486,
    "number users": 74.0,
    "served users": 74.0,
    "total driven distance [km]": 476.32574400000004,
    "avg travel time [sec]": 295.13513513513516,
    "occupancy": 0.3490005570641589,
    "empty vkm [frac]": 0.7439594006071614,
    "shared rides [frac]": 0.5135135135135135,
    "total costs [euro]": 652.4198843679999,
    "driver costs [euro]": 582.4,
    "gas costs [euro]": 70.01988436799999
}