{
    "total_n_trips": 48.0,
    "avg waiting time [sec]": 998.6301369863014,
    "number users": 73.0,
    "served users": 73.0,
    "total driven distance [km]": 476.32574400000004,
    "avg travel time [sec]": 323.83561643835617,
    "occupancy": 0.36633236015057796,
    "empty vkm [frac]": 0.734306598805208,
    "shared rides [frac]": 0.6164383561643836,
    "total costs [euro]": 652.4198843679999,
    "driver costs [euro]": 582.4,
    "gas costs [euro]": 70.01988436799999
}