{
    "total_n_trips": 48.0,
    "avg waiting time [sec]": 1094.5945945945946,
    "number users": 74.0,
    "served users": 74.0,
    "total driven distance [km]": 476.32574400000004,
    "avg travel time [sec]": 325.13513513513516,
    "occupancy": 0.38028195049646524,
    "empty vkm [frac]": 0.7272889936429726,
    "shared rides [frac]": 0.5,
    "total costs [euro]": 652.4198843679999,
    "driver costs [euro]": 582.4,
    "gas costs [euro]": 70.01988436799999
}