{
    "total_n_trips": 48.0,
    "avg waiting time [sec]": 972.972972972973,
    "number users": 74.0,
    "served users": 74.0,
    "total driven distance [km]": 476.32574400000004,
    "avg travel time [sec]": 265.13513513513516,
    "occupancy": 0.3150754770038212,
    "empty vkm [frac]": 0.7664587471887729,
    "shared rides [frac]": 0.5,
    "total costs [euro]": 652.4198843679999,
    "driver costs [euro]": 582.4,
    "gas costs [euro]": 70.01988436799999
}