{
    "total_n_trips": 48.0,
    "avg waiting time [sec]": 949.3150684931506,
    "number users": 73.0,
    "served users": 73.0,
    "total driven distance [km]": 476.32574400000004,
    "avg travel time [sec]": 304.1095890410959,
    "occupancy": 0.3560877826498498,
    "empty vkm [frac]": 0.7343416420507396,
    "shared rides [frac]": 0.5205479452054794,
    "total costs [euro]": 652.4198843679999,
    "driver costs [euro]": 582.4,
    "gas costs [euro]": 70.01988436799999
}