{
    "total_n_trips": 48.0,
    "avg waiting time [sec]": 997.2972972972973,
    "number users": 74.0,
    "served users": 74.0,
    "total driven distance [km]": 476.32574400000004,
    "avg travel time [sec]": 294.3243243243243,
    "occupancy": 0.33547036878191494,
    "empty vkm [frac]": 0.7450784205356746,
    "shared rides [frac]": 0.40540540540540543,
    "total costs [euro]": 652.419884368,
    "driver costs [euro]": 582.4,
    "gas costs [euro]": 70.01988436799999
}