{
    "total_n_trips": 48.0,
    "avg waiting time [sec]": 961.6438356164383,
    "number users": 73.0,
    "served users": 73.0,
    "total driven distance [km]": 476.32574400000004,
    "avg travel time [sec]": 320.54794520547944,
    "occupancy": 0.3663307247151436,
    "empty vkm [frac]": 0.704057309990787,
    "shared rides [frac]": 0.4383561643835616,
    "total costs [euro]": 652.4198843679999,
    "driver costs [euro]": 582.4,
    "gas costs [euro]": 70.01988436799999
}