{
    "total_n_trips": 48.0,
    "avg waiting time [sec]": 972.972972972973,
    "number users": 74.0,
    "served users": 74.0,
    "total driven distance [km]": 476.32574400000004,
    "avg travel time [sec]": 291.0810810810811,
    "occupancy": 0.35073073648524017,
    "empty vkm [frac]": 0.7175899524758842,
    "shared rides [frac]": 0.43243243243243246,
    "total costs [euro]": 652.4198843679999,
    "driver costs [euro]": 582.4,
    "gas costs [euro]": 70.01988436799999
}