{
    "total_n_trips": 48.0,
    "avg waiting time [sec]": 900.0,
    "number users": 74.0,
    "served users": 74.0,
    "total driven distance [km]": 476.32574400000004,
    "avg travel time [sec]": 301.6216216216216,
    "occupancy": 0.3662152449186117,
    "empty vkm [frac]": 0.7161748032665649,
    "shared rides [frac]": 0.43243243243243246,
    "total costs [euro]": 652.419884368,
    "driver costs [euro]": 582.4,
    "gas costs [euro]": 70.01988436799999
}