{
    "total_n_trips": 48.0,
    "avg waiting time [sec]": 950.0,
    "number users": 72.0,
    "served users": 72.0,
    "total driven distance [km]": 476.32574400000004,
    "avg travel time [sec]": 280.0,
    "occupancy": 0.3288847348129057,
    "empty vkm [frac]": 0.7729613623403069,
    "shared rides [frac]": 0.5416666666666666,
    "total costs [euro]": 652.419884368,
    "driver costs [euro]": 582.4,
    "gas costs [euro]": 70.01988436799999
}