{
    "total_n_trips": 48.0,
    "avg waiting time [sec]": 924.3243243243244,
    "number users": 74.0,
    "served users": 74.0,
    "total driven distance [km]": 476.32574400000004,
    "avg travel time [sec]": 355.13513513513516,
    "occupancy": 0.4149983608696152,
    "empty vkm [frac]": 0.6867791403691172,
    "shared rides [frac]": 0.5540540540540541,
    "total costs [euro]": 652.4198843679999,
    "driver costs [euro]": 582.4,
    "gas costs [euro]": 70.01988436799999
}