{
    "total_n_trips": 48.0,
    "avg waiting time [sec]": 1009.4594594594595,
    "number users": 74.0,
    "served users": 74.0,
    "total driven distance [km]": 476.32574400000004,
    "avg travel time [sec]": 329.18918918918916,
    "occupancy": 0.40218811477886446,
    "empty vkm [frac]": 0.7226389657410582,
    "shared rides [frac]": 0.6351351351351351,
    "total costs [euro]": 652.4198843679999,
    "driver costs [euro]": 582.4,
    "gas costs [euro]": 70.01988436799999
}