{
    "total_n_trips": 48.0,
    "avg waiting time [sec]": 1023.2876712328767,
    "number users": 73.0,
    "served users": 73.0,
    "total driven distance [km]": 476.32574400000004,
    "avg travel time [sec]": 320.54794520547944,
    "occupancy": 0.37077131401069097,
    "empty vkm [frac]": 0.7286487857771554,
    "shared rides [frac]": 0.5616438356164384,
    "total costs [euro]": 652.4198843679999,
    "driver costs [euro]": 582.4,
    "gas costs [euro]": 70.01988436799999
}