{
    "total_n_trips": 48.0,
    "avg waiting time [sec]": 997.2972972972973,
    "number users": 74.0,
    "served users": 74.0,
    "total driven distance [km]": 476.32574400000004,
    "avg travel time [sec]": 364.05405405405406,
    "occupancy": 0.4279747390684808,
    "empty vkm [frac]": 0.6932266104852821,
    "shared rides [frac]": 0.527027027027027,
    "total costs [euro]": 652.4198843679999,
    "driver costs [euro]": 582.4,
    "gas costs [euro]": 70.01988436799999
}