{
    "total_n_trips": 48.0,
    "avg waiting time [sec]": 912.5,
    "number users": 72.0,
    "served users": 72.0,
    "total driven distance [km]": 476.32574400000004,
    "avg travel time [sec]": 310.8333333333333,
    "occupancy": 0.3574708613691893,
    "empty vkm [frac]": 0.736918830068526,
    "shared rides [frac]": 0.5694444444444444,
    "total costs [euro]": 652.419884368,
    "driver costs [euro]": 582.4,
    "gas costs [euro]": 70.01988436799999
}