{
    "total_n_trips": 48.0,
    "avg waiting time [sec]": 972.972972972973,
    "number users": 74.0,
    "served users": 74.0,
    "total driven distance [km]": 476.32574400000004,
    "avg travel time [sec]": 379.4594594594595,
    "occupancy": 0.4422486284931934,
    "empty vkm [frac]": 0.6949329280846095,
    "shared rides [frac]": 0.7162162162162162,
    "total costs [euro]": 652.4198843679999,
    "driver costs [euro]": 582.4,
    "gas costs [euro]": 70.01988436799999
}