{
    "total_n_trips": 48.0,
    "avg waiting time [sec]": 1021.6216216216217,
    "number users": 74.0,
    "served users": 74.0,
    "total driven distance [km]": 476.32574400000004,
    "avg travel time [sec]": 252.16216216216216,
    "occupancy": 0.29779531504809853,
    "empty vkm [frac]": 0.7692048721179348,
    "shared rides [frac]": 0.3783783783783784,
    "total costs [euro]": 652.4198843679999,
    "driver costs [euro]": 582.4,
    "gas costs [euro]": 70.01988436799999
}