{
    "total_n_trips": 48.0,
    "avg waiting time [sec]": 1010.9589041095891,
    "number users": 73.0,
    "served users": 73.0,
    "total driven distance [km]": 476.32574400000004,
    "avg travel time [sec]": 293.4246575342466,
    "occupancy": 0.3453450922442688,
    "empty vkm [frac]": 0.7436982200987234,
    "shared rides [frac]": 0.5753424657534246,
    "total costs [euro]": 652.4198843679999,
    "driver costs [euro]": 582.4,
    "gas costs [euro]": 70.01988436799999
}