{
    "total_n_trips": 48.0,
    "avg waiting time [sec]": 948.6486486486486,
    "number users": 74.0,
    "served users": 74.0,
    "total driven distance [km]": 476.32574400000004,
    "avg travel time [sec]": 320.27027027027026,
    "occupancy": 0.3713292410246043,
    "empty vkm [frac]": 0.7004068795408214,
    "shared rides [frac]": 0.43243243243243246,
    "total costs [euro]": 652.4198843679999,
    "driver costs [euro]": 582.4,
    "gas costs [euro]": 70.01988436799999
}