{
    "total_n_trips": 48.0,
    "avg waiting time [sec]": 1033.7837837837837,
    "number users": 74.0,
    "served users": 74.0,
    "total driven distance [km]": 476.32574400000004,
    "avg travel time [sec]": 298.3783783783784,
    "occupancy": 0.35245809850663873,
    "empty vkm [frac]": 0.7428058412899895,
    "shared rides [frac]": 0.5945945945945946,
    "total costs [euro]": 652.4198843679999,
    "driver costs [euro]": 582.4,
    "gas costs [euro]": 70.01988436799999
}