{
    "total_n_trips": 48.0,
    "avg waiting time [sec]": 1058.1081081081081,
    "number users": 74.0,
    "served users": 74.0,
    "total driven distance [km]": 476.32574400000004,
    "avg travel time [sec]": 309.72972972972974,
    "occupancy": 0.3636609215058507,
    "empty vkm [frac]": 0.7125442058827712,
    "shared rides [frac]": 0.44594594594594594,
    "total costs [euro]": 652.419884368,
    "driver costs [euro]": 582.4,
    "gas costs [euro]": 70.01988436799999
}