{
    "total_n_trips": 48.0,
    "avg waiting time [sec]": 1010.9589041095891,
    "number users": 73.0,
    "served users": 73.0,
    "total driven distance [km]": 476.32574400000004,
    "avg travel time [sec]": 273.6986301369863,
    "occupancy": 0.3299445599564317,
    "empty vkm [frac]": 0.7329848268709159,
    "shared rides [frac]": 0.3698630136986301,
    "total costs [euro]": 652.4198843679999,
    "driver costs [euro]": 582.4,
    "gas costs [euro]": 70.01988436799999
}