{
    "total_n_trips": 48.0,
    "avg waiting time [sec]": 912.1621621621622,
    "number users": 74.0,
    "served users": 74.0,
    "total driven distance [km]": 476.32574400000004,
    "avg travel time [sec]": 342.1621621621622,
    "occupancy": 0.3983969843964595,
    "empty vkm [frac]": 0.6889877906746107,
    "shared rides [frac]": 0.5540540540540541,
    "total costs [euro]": 652.419884368,
    "driver costs [euro]": 582.4,
    "gas costs [euro]": 70.01988436799999
}