{
    "total_n_trips": 48.0,
    "avg waiting time [sec]": 948.6486486486486,
    "number users": 74.0,
    "served users": 74.0,
    "total driven distance [km]": 476.32574400000004,
    "avg travel time [sec]": 334.86486486486484,
    "occupancy": 0.39872103784505925,
    "empty vkm [frac]": 0.7112225074276065,
    "shared rides [frac]": 0.6351351351351351,
    "total costs [euro]": 652.4198843679999,
    "driver costs [euro]": 582.4,
    "gas costs [euro]": 70.01988436799999
}