{
    "total_n_trips": 48.0,
    "avg waiting time [sec]": 998.6301369863014,
    "number users": 73.0,
    "served users": 73.0,
    "total driven distance [km]": 476.32574400000004,
    "avg travel time [sec]": 305.75342465753425,
    "occupancy": 0.37163228154218747,
    "empty vkm [frac]": 0.7291704581896378,
    "shared rides [frac]": 0.4657534246575342,
    "total costs [euro]": 652.419884368,
    "driver costs [euro]": 582.4,
    "gas costs [euro]": 70.01988436799999
}