{
    "total_n_trips": 48.0,
    "avg waiting time [sec]": 1021.6216216216217,
    "number users": 74.0,
    "served users": 74.0,
    "total driven distance [km]": 476.32574400000004,
    "avg travel time [sec]": 280.5405405405405,
    "occupancy": 0.34304250412297677,
    "empty vkm [frac]": 0.7396256499627704,
    "shared rides [frac]": 0.44594594594594594,
    "total costs [euro]": 652.419884368,
    "driver costs [euro]": 582.4,
    "gas costs [euro]": 70.01988436799999
}