{
    "total_n_trips": 48.0,
    "avg waiting time [sec]": 1023.2876712328767,
    "number users": 73.0,
    "served users": 73.0,
    "total driven distance [km]": 476.32574400000004,
    "avg travel time [sec]": 332.05479452054794,
    "occupancy": 0.3796154738174301,
    "empty vkm [frac]": 0.6994841769459351,
    "shared rides [frac]": 0.4931506849315068,
    "total costs [euro]": 652.419884368,
    "driver costs [euro]": 582.4,
    "gas costs [euro]": 70.01988436799999
}