{
    "total_n_trips": 48.0,
    "avg waiting time [sec]": 1021.6216216216217,
    "number users": 74.0,
    "served users": 74.0,
    "total driven distance [km]": 476.32574400000004,
    "avg travel time [sec]": 286.2162162162162,
    "occupancy": 0.3501396472914552,
    "empty vkm [frac]": 0.724219946843772,
    "shared rides [frac]": 0.5405405405405406,
    "total costs [euro]": 652.419884368,
    "driver costs [euro]": 582.4,
    "gas costs [euro]": 70.01988436799999
}