{
    "total_n_trips": 48.0,
    "avg waiting time [sec]": 912.1621621621622,
    "number users": 74.0,
    "served users": 74.0,
    "total driven distance [km]": 476.32574400000004,
    "avg travel time [sec]": 291.8918918918919,
    "occupancy": 0.33688363482617034,
    "empty vkm [frac]": 0.7600223136375349,
    "shared rides [frac]": 0.6081081081081081,
    "total costs [euro]": 652.419884368,
    "driver costs [euro]": 582.4,
    "gas costs [euro]": 70.01988436799999
}