{
    "total_n_trips": 48.0,
    "avg waiting time [sec]": 960.8108108108108,
    "number users": 74.0,
    "served users": 74.0,
    "total driven distance [km]": 476.32574400000004,
    "avg travel time [sec]": 315.4054054054054,
    "occupancy": 0.37784791031576065,
    "empty vkm [frac]": 0.6854116539205997,
    "shared rides [frac]": 0.40540540540540543,
    "total costs [euro]": 652.4198843679999,
    "driver costs [euro]": 582.4,
    "gas costs [euro]": 70.01988436799999
}