{
    "total_n_trips": 48.0,
    "avg waiting time [sec]": 1012.5,
    "number users": 72.0,
    "served users": 72.0,
    "total driven distance [km]": 476.32574400000004,
    "avg travel time [sec]": 339.1666666666667,
    "occupancy": 0.3904926583182957,
    "empty vkm [frac]": 0.6793628983446258,
    "shared rides [frac]": 0.4166666666666667,
    "total costs [euro]": 652.419884368,
    "driver costs [euro]": 582.4,
    "gas costs [euro]": 70.01988436799999
}