{
    "total_n_trips": 48.0,
    "avg waiting time [sec]": 900.0,
    "number users": 73.0,
    "served users": 73.0,
    "total driven distance [km]": 476.32574400000004,
    "avg travel time [sec]": 346.027397260274,
    "occupancy": 0.4045717419800009,
    "empty vkm [frac]": 0.70599097620892,
    "shared rides [frac]": 0.4931506849315068,
    "total costs [euro]": 652.4198843679999,
    "driver costs [euro]": 582.4,
    "gas costs [euro]": 70.01988436799999
}