{
    "total_n_trips": 48.0,
    "avg waiting time [sec]": 972.972972972973,
    "number users": 74.0,
    "served users": 74.0,
    "total driven distance [km]": 476.32574400000004,
    "avg travel time [sec]": 315.4054054054054,
    "occupancy": 0.3701748860334536,
    "empty vkm [frac]": 0.7310019926195721,
    "shared rides [frac]": 0.6081081081081081,
    "total costs [euro]": 652.419884368,
    "driver costs [euro]": 582.4,
    "gas costs [euro]": 70.01988436799999
}