{
    "total_n_trips": 48.0,
    "avg waiting time [sec]": 1045.945945945946,
    "number users": 74.0,
    "served users": 74.0,
    "total driven distance [km]": 476.32574400000004,
    "avg travel time [sec]": 317.8378378378378,
    "occupancy": 0.37469455566525095,
    "empty vkm [frac]": 0.7306960591237751,
    "shared rides [frac]": 0.527027027027027,
    "total costs [euro]": 652.419884368,
    "driver costs [euro]": 582.4,
    "gas costs [euro]": 70.01988436799999
}