{
    "total_n_trips": 48.0,
    "avg waiting time [sec]": 961.6438356164383,
    "number users": 73.0,
    "served users": 73.0,
    "total driven distance [km]": 476.32574400000004,
    "avg travel time [sec]": 324.6575342465753,
    "occupancy": 0.3815287233351803,
    "empty vkm [frac]": 0.7342275100713435,
    "shared rides [frac]": 0.547945205479452,
    "total costs [euro]": 652.419884368,
    "driver costs [euro]": 582.4,
    "gas costs [euro]": 70.01988436799999
}