{
    "total_n_trips": 48.0,
    "avg waiting time [sec]": 1012.5,
    "number users": 72.0,
    "served users": 72.0,
    "total driven distance [km]": 476.32574400000004,
    "avg travel time [sec]": 325.8333333333333,
    "occupancy": 0.3684805959175703,
    "empty vkm [frac]": 0.7026255922879536,
    "shared rides [frac]": 0.5,
    "total costs [euro]": 652.4198843679999,
    "driver costs [euro]": 582.4,
    "gas costs [euro]": 70.01988436799999
}