{
    "total_n_trips": 48.0,
    "avg waiting time [sec]": 1009.4594594594595,
    "number users": 74.0,
    "served users": 74.0,
    "total driven distance [km]": 476.32574400000004,
    "avg travel time [sec]": 308.1081081081081,
    "occupancy": 0.36323336745787976,
    "empty vkm [frac]": 0.7342242706915296,
    "shared rides [frac]": 0.5405405405405406,
    "total costs [euro]": 652.419884368,
    "driver costs [euro]": 582.4,
    "gas costs [euro]": 70.01988436799999
}