{
    "total_n_trips": 48.0,
    "avg waiting time [sec]": 987.5,
    "number users": 72.0,
    "served users": 72.0,
    "total driven distance [km]": 476.32574400000004,
    "avg travel time [sec]": 335.0,
    "occupancy": 0.39861832872085967,
    "empty vkm [frac]": 0.7141667509787173,
    "shared rides [frac]": 0.5138888888888888,
    "total costs [euro]": 652.4198843679999,
    "driver costs [euro]": 582.4,
    "gas costs [euro]": 70.01988436799999
}