{
    "total_n_trips": 48.0,
    "avg waiting time [sec]": 987.5,
    "number users": 72.0,
    "served users": 72.0,
    "total driven distance [km]": 476.32574400000004,
    "avg travel time [sec]": 302.5,
    "occupancy": 0.3481146045299621,
    "empty vkm [frac]": 0.7395976250236019,
    "shared rides [frac]": 0.4722222222222222,
    "total costs [euro]": 652.419884368,
    "driver costs [euro]": 582.4,
    "gas costs [euro]": 70.01988436799999
}