{
    "total_n_trips": 48.0,
    "avg waiting time [sec]": 875.3424657534247,
    "number users": 73.0,
    "served users": 73.0,
    "total driven distance [km]": 476.32574400000004,
    "avg travel time [sec]": 240.82191780821918,
    "occupancy": 0.2901495956095121,
    "empty vkm [frac]": 0.7914590293486219,
    "shared rides [frac]": 0.5205479452054794,
    "total costs [euro]": 652.4198843679999,
    "driver costs [euro]": 582.4,
    "gas costs [euro]": 70.01988436799999
}