{
    "total_n_trips": 48.0,
    "avg waiting time [sec]": 973.972602739726,
    "number users": 73.0,
    "served users": 73.0,
    "total driven distance [km]": 476.32574400000004,
    "avg travel time [sec]": 313.972602739726,
    "occupancy": 0.37077167090930946,
    "empty vkm [frac]": 0.7384036018007042,
    "shared rides [frac]": 0.4931506849315068,
    "total costs [euro]": 652.4198843679999,
    "driver costs [euro]": 582.4,
    "gas costs [euro]": 70.01988436799999
}