{
    "total_n_trips": 48.0,
    "avg waiting time [sec]": 985.1351351351351,
    "number users": 74.0,
    "served users": 74.0,
    "total driven distance [km]": 476.32574400000004,
    "avg travel time [sec]": 328.3783783783784,
    "occupancy": 0.38623373671778694,
    "empty vkm [frac]": 0.6934844298484949,
    "shared rides [frac]": 0.44594594594594594,
    "total costs [euro]": 652.419884368,
    "driver costs [euro]": 582.4,
    "gas costs [euro]": 70.01988436799999
}