{
    "total_n_trips": 48.0,
    "avg waiting time [sec]": 1045.945945945946,
    "number users": 74.0,
    "served users": 74.0,
    "total driven distance [km]": 476.32574400000004,
    "avg travel time [sec]": 316.2162162162162,
    "occupancy": 0.3707890644684533,
    "empty vkm [frac]": 0.7364639249899544,
    "shared rides [frac]": 0.4864864864864865,
    "total costs [euro]": 652.4198843679999,
    "driver costs [euro]": 582.4,
    "gas costs [euro]": 70.01988436799999
}