{
    "total_n_trips": 48.0,
    "avg waiting time [sec]": 912.3287671232877,
    "number users": 73.0,
    "served users": 73.0,
    "total driven distance [km]": 476.32574400000004,
    "avg travel time [sec]": 280.2739726027397,
    "occupancy": 0.33183396024885015,
    "empty vkm [frac]": 0.7517509026343959,
    "shared rides [frac]": 0.5205479452054794,
    "total costs [euro]": 652.4198843679999,
    "driver costs [euro]": 582.4,
    "gas costs [euro]": 70.01988436799999
}