{
    "total_n_trips": 48.0,
    "avg waiting time [sec]": 973.972602739726,
    "number users": 73.0,
    "served users": 73.0,
    "total driven distance [km]": 476.32574400000004,
    "avg travel time [sec]": 349.3150684931507,
    "occupancy": 0.40808005540007075,
    "empty vkm [frac]": 0.69281123087901,
    "shared rides [frac]": 0.547945205479452,
    "total costs [euro]": 652.4198843679999,
    "driver costs [euro]": 582.4,
    "gas costs [euro]": 70.01988436799999
}