{
    "total_n_trips": 48.0,
    "avg waiting time [sec]": 1035.6164383561643,
    "number users": 73.0,
    "served users": 73.0,
    "total driven distance [km]": 476.32574400000004,
    "avg travel time [sec]": 290.958904109589,
    "occupancy": 0.33897904120000705,
    "empty vkm [frac]": 0.7457150751860268,
    "shared rides [frac]": 0.5753424657534246,
    "total costs [euro]": 652.4198843679999,
    "driver costs [euro]": 582.4,
    "gas costs [euro]": 70.01988436799999
}