{
    "total_n_trips": 48.0,
    "avg waiting time [sec]": 961.6438356164383,
    "number users": 73.0,
    "served users": 73.0,
    "total driven distance [km]": 476.32574400000004,
    "avg travel time [sec]": 291.7808219178082,
    "occupancy": 0.35238623382069384,
    "empty vkm [frac]": 0.7388293251687027,
    "shared rides [frac]": 0.5205479452054794,
    "total costs [euro]": 652.419884368,
    "driver costs [euro]": 582.4,
    "gas costs [euro]": 70.01988436799999
}