{
    "total_n_trips": 48.0,
    "avg waiting time [sec]": 1010.9589041095891,
    "number users": 73.0,
    "served users": 73.0,
    "total driven distance [km]": 476.32574400000004,
    "avg travel time [sec]": 323.013698630137,
    "occupancy": 0.37226709501554883,
    "empty vkm [frac]": 0.7167853623296921,
    "shared rides [frac]": 0.5342465753424658,
    "total costs [euro]": 652.419884368,
    "driver costs [euro]": 582.4,
    "gas costs [euro]": 70.01988436799999
}