{
    "total_n_trips": 48.0,
    "avg waiting time [sec]": 912.1621621621622,
    "number users": 74.0,
    "served users": 74.0,
    "total driven distance [km]": 476.32574400000004,
    "avg travel time [sec]": 266.7567567567568,
    "occupancy": 0.31744347414486995,
    "empty vkm [frac]": 0.7535205487444748,
    "shared rides [frac]": 0.6081081081081081,
    "total costs [euro]": 652.4198843679999,
    "driver costs [euro]": 582.4,
    "gas costs [euro]": 70.01988436799999
}