{
    "total_n_trips": 48.0,
    "avg waiting time [sec]": 985.1351351351351,
    "number users": 74.0,
    "served users": 74.0,
    "total driven distance [km]": 476.32574400000004,
    "avg travel time [sec]": 298.3783783783784,
    "occupancy": 0.355183078242355,
    "empty vkm [frac]": 0.7291209395560196,
    "shared rides [frac]": 0.6081081081081081,
    "total costs [euro]": 652.4198843679999,
    "driver costs [euro]": 582.4,
    "gas costs [euro]": 70.01988436799999
}