{
    "total_n_trips": 48.0,
    "avg waiting time [sec]": 1021.6216216216217,
    "number users": 74.0,
    "served users": 74.0,
    "total driven distance [km]": 476.32574400000004,
    "avg travel time [sec]": 261.8918918918919,
    "occupancy": 0.3231389126849293,
    "empty vkm [frac]": 0.7343650776935545,
    "shared rides [frac]": 0.40540540540540543,
    "total costs [euro]": 652.4198843679999,
    "driver costs [euro]": 582.4,
    "gas costs [euro]": 70.01988436799999
}