{
    "total_n_trips": 48.0,
    "avg waiting time [sec]": 987.5,
    "number users": 72.0,
    "served users": 72.0,
    "total driven distance [km]": 476.32574400000004,
    "avg travel time [sec]": 351.6666666666667,
    "occupancy": 0.404789452236703,
    "empty vkm [frac]": 0.6720621403154734,
    "shared rides [frac]": 0.5694444444444444,
    "total costs [euro]": 652.4198843679999,
    "driver costs [euro]": 582.4,
    "gas costs [euro]": 70.01988436799999
}