{
    "total_n_trips": 48.0,
    "avg waiting time [sec]": 950.0,
    "number users": 72.0,
    "served users": 72.0,
    "total driven distance [km]": 476.32574400000004,
    "avg travel time [sec]": 345.0,
    "occupancy": 0.4036269158695735,
    "empty vkm [frac]": 0.7157636602568352,
    "shared rides [frac]": 0.5277777777777778,
    "total costs [euro]": 652.4198843679999,
    "driver costs [euro]": 582.4,
    "gas costs [euro]": 70.01988436799999
}