{
    "total_n_trips": 48.0,
    "avg waiting time [sec]": 1000.0,
    "number users": 72.0,
    "served users": 72.0,
    "total driven distance [km]": 476.32574400000004,
    "avg travel time [sec]": 335.0,
    "occupancy": 0.37995040007747305,
    "empty vkm [frac]": 0.7053233637525167,
    "shared rides [frac]": 0.5833333333333334,
    "total costs [euro]": 652.4198843679999,
    "driver costs [euro]": 582.4,
    "gas costs [euro]": 70.01988436799999
}