{
    "total_n_trips": 48.0,
    "avg waiting time [sec]": 1010.9589041095891,
    "number users": 73.0,
    "served users": 73.0,
    "total driven distance [km]": 476.32574400000004,
    "avg travel time [sec]": 302.4657534246575,
    "occupancy": 0.3626354698980955,
    "empty vkm [frac]": 0.743058271484063,
    "shared rides [frac]": 0.547945205479452,
    "total costs [euro]": 652.419884368,
    "driver costs [euro]": 582.4,
    "gas costs [euro]": 70.01988436799999
}