{
    "total_n_trips": 48.0,
    "avg waiting time [sec]": 912.1621621621622,
    "number users": 74.0,
    "served users": 74.0,
    "total driven distance [km]": 476.32574400000004,
    "avg travel time [sec]": 279.72972972972974,
    "occupancy": 0.33285266017450443,
    "empty vkm [frac]": 0.7417777780241083,
    "shared rides [frac]": 0.47297297297297297,
    "total costs [euro]": 652.4198843679999,
    "driver costs [euro]": 582.4,
    "gas costs [euro]": 70.01988436799999
}