{
    "total_n_trips": 48.0,
    "avg waiting time [sec]": 912.3287671232877,
    "number users": 73.0,
    "served users": 73.0,
    "total driven distance [km]": 476.32574400000004,
    "avg travel time [sec]": 304.93150684931504,
    "occupancy": 0.3556316977064334,
    "empty vkm [frac]": 0.7218832854014293,
    "shared rides [frac]": 0.4657534246575342,
    "total costs [euro]": 652.4198843679999,
    "driver costs [euro]": 582.4,
    "gas costs [euro]": 70.01988436799999
}