{
    "total_n_trips": 48.0,
    "avg waiting time [sec]": 1070.2702702702702,
    "number users": 74.0,
    "served users": 74.0,
    "total driven distance [km]": 476.32574400000004,
    "avg travel time [sec]": 339.72972972972974,
    "occupancy": 0.4017924905608294,
    "empty vkm [frac]": 0.6852517234508326,
    "shared rides [frac]": 0.527027027027027,
    "total costs [euro]": 652.4198843679999,
    "driver costs [euro]": 582.4,
    "gas costs [euro]": 70.01988436799999
}