{
    "total_n_trips": 48.0,
    "avg waiting time [sec]": 924.3243243243244,
    "number users": 74.0,
    "served users": 74.0,
    "total driven distance [km]": 476.32574400000004,
    "avg travel time [sec]": 261.0810810810811,
    "occupancy": 0.3196224283858987,
    "empty vkm [frac]": 0.7679697824604671,
    "shared rides [frac]": 0.5,
    "total costs [euro]": 652.4198843679999,
    "driver costs [euro]": 582.4,
    "gas costs [euro]": 70.01988436799999
}