{
    "total_n_trips": 48.0,
    "avg waiting time [sec]": 985.1351351351351,
    "number users": 74.0,
    "served users": 74.0,
    "total driven distance [km]": 476.32574400000004,
    "avg travel time [sec]": 321.0810810810811,
    "occupancy": 0.3785758428375016,
    "empty vkm [frac]": 0.7032905301041217,
    "shared rides [frac]": 0.4594594594594595,
    "total costs [euro]": 652.4198843679999,
    "driver costs [euro]": 582.4,
    "gas costs [euro]": 70.01988436799999
}