{
    "total_n_trips": 48.0,
    "avg waiting time [sec]": 986.3013698630137,
    "number users": 73.0,
    "served users": 73.0,
    "total driven distance [km]": 476.32574400000004,
    "avg travel time [sec]": 344.3835616438356,
    "occupancy": 0.398031730151457,
    "empty vkm [frac]": 0.6925720143314364,
    "shared rides [frac]": 0.4657534246575342,
    "total costs [euro]": 652.4198843679999,
    "driver costs [euro]": 582.4,
    "gas costs [euro]": 70.01988436799999
}