{
    "total_n_trips": 48.0,
    "avg waiting time [sec]": 1012.5,
    "number users": 72.0,
    "served users": 72.0,
    "total driven distance [km]": 476.32574400000004,
    "avg travel time [sec]": 252.5,
    "occupancy": 0.3054551424791349,
    "empty vkm [frac]": 0.7763003924474008,
    "shared rides [frac]": 0.4444444444444444,
    "total costs [euro]": 652.4198843679999,
    "driver costs [euro]": 582.4,
    "gas costs [euro]": 70.01988436799999
}