{
    "total_n_trips": 48.0,
    "avg waiting time [sec]": 1094.5945945945946,
    "number users": 74.0,
    "served users": 74.0,
    "total driven distance [km]": 476.32574400000004,
    "avg travel time [sec]": 302.43243243243245,
    "occupancy": 0.35905353459123557,
    "empty vkm [frac]": 0.733774259322839,
    "shared rides [frac]": 0.527027027027027,
    "total costs [euro]": 652.4198843679999,
    "driver costs [euro]": 582.4,
    "gas costs [euro]": 70.01988436799999
}