{
    "total_n_trips": 48.0,
    "avg waiting time [sec]": 997.2972972972973,
    "number users": 74.0,
    "served users": 74.0,
    "total driven distance [km]": 476.32574400000004,
    "avg travel time [sec]": 295.13513513513516,
    "occupancy": 0.34476596755181876,
    "empty vkm [frac]": 0.7191880584140758,
    "shared rides [frac]": 0.3918918918918919,
    "total costs [euro]": 652.419884368,
    "driver costs [euro]": 582.4,
    "gas costs [euro]": 70.01988436799999
}