{
    "total_n_trips": 48.0,
    "avg waiting time [sec]": 912.3287671232877,
    "number users": 73.0,
    "served users": 73.0,
    "total driven distance [km]": 476.32574400000004,
    "avg travel time [sec]": 336.16438356164383,
    "occupancy": 0.38557970530352004,
    "empty vkm [frac]": 0.7307945799377163,
    "shared rides [frac]": 0.6164383561643836,
    "total costs [euro]": 652.419884368,
    "driver costs [euro]": 582.4,
    "gas costs [euro]": 70.01988436799999
}