{
    "total_n_trips": 48.0,
    "avg waiting time [sec]": 998.6301369863014,
    "number users": 73.0,
    "served users": 73.0,
    "total driven distance [km]": 476.32574400000004,
    "avg travel time [sec]": 286.027397260274,
    "occupancy": 0.33635234084681337,
    "empty vkm [frac]": 0.7583003113936251,
    "shared rides [frac]": 0.4931506849315068,
    "total costs [euro]": 652.419884368,
    "driver costs [euro]": 582.4,
    "gas costs [euro]": 70.01988436799999
}