{
    "total_n_trips": 48.0,
    "avg waiting time [sec]": 975.0,
    "number users": 72.0,
    "served users": 72.0,
    "total driven distance [km]": 476.32574400000004,
    "avg travel time [sec]": 304.1666666666667,
    "occupancy": 0.34531494900682924,
    "empty vkm [frac]": 0.7534735367988008,
    "shared rides [frac]": 0.5416666666666666,
    "total costs [euro]": 652.4198843679999,
    "driver costs [euro]": 582.4,
    "gas costs [euro]": 70.01988436799999
}