{
    "total_n_trips": 48.0,
    "avg waiting time [sec]": 1033.7837837837837,
    "number users": 74.0,
    "served users": 74.0,
    "total driven distance [km]": 476.32574400000004,
    "avg travel time [sec]": 296.7567567567568,
    "occupancy": 0.35968778752382524,
    "empty vkm [frac]": 0.7402403259564323,
    "shared rides [frac]": 0.6621621621621622,
    "total costs [euro]": 652.4198843679999,
    "driver costs [euro]": 582.4,
    "gas costs [euro]": 70.01988436799999
}