{
    "total_n_trips": 48.0,
    "avg waiting time [sec]": 997.2972972972973,
    "number users": 74.0,
    "served users": 74.0,
    "total driven distance [km]": 476.32574400000004,
    "avg travel time [sec]": 297.56756756756755,
    "occupancy": 0.3523058371583628,
    "empty vkm [frac]": 0.748534038924422,
    "shared rides [frac]": 0.5540540540540541,
    "total costs [euro]": 652.419884368,
    "driver costs [euro]": 582.4,
    "gas costs [euro]": 70.01988436799999
}