{
    "total_n_trips": 48.0,
    "avg waiting time [sec]": 986.3013698630137,
    "number users": 73.0,
    "served users": 73.0,
    "total driven distance [km]": 476.32574400000004,
    "avg travel time [sec]": 332.8767123287671,
    "occupancy": 0.3879728134114877,
    "empty vkm [frac]": 0.7166838183745116,
    "shared rides [frac]": 0.5068493150684932,
    "total costs [euro]": 652.4198843679999,
    "driver costs [euro]": 582.4,
    "gas costs [euro]": 70.01988436799999
}