{
    "total_n_trips": 48.0,
    "avg waiting time [sec]": 998.6301369863014,
    "number users": 73.0,
    "served users": 73.0,
    "total driven distance [km]": 476.32574400000004,
    "avg travel time [sec]": 332.8767123287671,
    "occupancy": 0.39285675476738446,
    "empty vkm [frac]": 0.7472570052816634,
    "shared rides [frac]": 0.547945205479452,
    "total costs [euro]": 652.4198843679999,
    "driver costs [euro]": 582.4,
    "gas costs [euro]": 70.01988436799999
}