{
    "total_n_trips": 48.0,
    "avg waiting time [sec]": 998.6301369863014,
    "number users": 73.0,
    "served users": 73.0,
    "total driven distance [km]": 476.32574400000004,
    "avg travel time [sec]": 349.3150684931507,
    "occupancy": 0.39787048755441606,
    "empty vkm [frac]": 0.697485229771667,
    "shared rides [frac]": 0.5205479452054794,
    "total costs [euro]": 652.419884368,
    "driver costs [euro]": 582.4,
    "gas costs [euro]": 70.01988436799999
}