{
    "total_n_trips": 48.0,
    "avg waiting time [sec]": 1009.4594594594595,
    "number users": 74.0,
    "served users": 74.0,
    "total driven distance [km]": 476.32574400000004,
    "avg travel time [sec]": 298.3783783783784,
    "occupancy": 0.3494567301825282,
    "empty vkm [frac]": 0.7069086570303035,
    "shared rides [frac]": 0.4189189189189189,
    "total costs [euro]": 652.419884368,
    "driver costs [euro]": 582.4,
    "gas costs [euro]": 70.01988436799999
}