{
    "total_n_trips": 48.0,
    "avg waiting time [sec]": 912.1621621621622,
    "number users": 74.0,
    "served users": 74.0,
    "total driven distance [km]": 476.32574400000004,
    "avg travel time [sec]": 282.1621621621622,
    "occupancy": 0.33366714900885136,
    "empty vkm [frac]": 0.7330901413550308,
    "shared rides [frac]": 0.5,
    "total costs [euro]": 652.419884368,
    "driver costs [euro]": 582.4,
    "gas costs [euro]": 70.01988436799999
}