{
    "total_n_trips": 48.0,
    "avg waiting time [sec]": 900.0,
    "number users": 74.0,
    "served users": 74.0,
    "total driven distance [km]": 476.32574400000004,
    "avg travel time [sec]": 321.0810810810811,
    "occupancy": 0.3692960903662599,
    "empty vkm [frac]": 0.7150610780340272,
    "shared rides [frac]": 0.581081081081081,
    "total costs [euro]": 652.4198843679999,
    "driver costs [euro]": 582.4,
    "gas costs [euro]": 70.01988436799999
}