{
    "total_n_trips": 48.0,
    "avg waiting time [sec]": 949.3150684931506,
    "number users": 73.0,
    "served users": 73.0,
    "total driven distance [km]": 476.32574400000004,
    "avg travel time [sec]": 295.8904109589041,
    "occupancy": 0.33489190120280365,
    "empty vkm [frac]": 0.72822528567761,
    "shared rides [frac]": 0.5205479452054794,
    "total costs [euro]": 652.419884368,
    "driver costs [euro]": 582.4,
    "gas costs [euro]": 70.01988436799999
}