{
    "total_n_trips": 48.0,
    "avg waiting time [sec]": 936.986301369863,
    "number users": 73.0,
    "served users": 73.0,
    "total driven distance [km]": 476.32574400000004,
    "avg travel time [sec]": 327.94520547945206,
    "occupancy": 0.38638176776773164,
    "empty vkm [frac]": 0.7254038698357654,
    "shared rides [frac]": 0.6027397260273972,
    "total costs [euro]": 652.4198843679999,
    "driver costs [euro]": 582.4,
    "gas costs [euro]": 70.01988436799999
}