{
    "total_n_trips": 48.0,
    "avg waiting time [sec]": 1035.6164383561643,
    "number users": 73.0,
    "served users": 73.0,
    "total driven distance [km]": 476.32574400000004,
    "avg travel time [sec]": 319.7260273972603,
    "occupancy": 0.37520746516694664,
    "empty vkm [frac]": 0.7187755780842284,
    "shared rides [frac]": 0.5753424657534246,
    "total costs [euro]": 652.419884368,
    "driver costs [euro]": 582.4,
    "gas costs [euro]": 70.01988436799999
}