{
    "total_n_trips": 48.0,
    "avg waiting time [sec]": 1023.2876712328767,
    "number users": 73.0,
    "served users": 73.0,
    "total driven distance [km]": 476.32574400000004,
    "avg travel time [sec]": 341.09589041095893,
    "occupancy": 0.39255259316825836,
    "empty vkm [frac]": 0.7101648320734059,
    "shared rides [frac]": 0.6027397260273972,
    "total costs [euro]": 652.4198843679999,
    "driver costs [euro]": 582.4,
    "gas costs [euro]": 70.01988436799999
}