{
    "total_n_trips": 48.0,
    "avg waiting time [sec]": 875.3424657534247,
    "number users": 73.0,
    "served users": 73.0,
    "total driven distance [km]": 476.32574400000004,
    "avg travel time [sec]": 327.94520547945206,
    "occupancy": 0.3744115749494321,
    "empty vkm [frac]": 0.7095441349901093,
    "shared rides [frac]": 0.4794520547945205,
    "total costs [euro]": 652.4198843679999,
    "driver costs [euro]": 582.4,
    "gas costs [euro]": 70.01988436799999
}