{
    "total_n_trips": 48.0,
    "avg waiting time [sec]": 1035.6164383561643,
    "number users": 73.0,
    "served users": 73.0,
    "total driven distance [km]": 476.32574400000004,
    "avg travel time [sec]": 330.4109589041096,
    "occupancy": 0.38657644126830987,
    "empty vkm [frac]": 0.6961014414538974,
    "shared rides [frac]": 0.547945205479452,
    "total costs [euro]": 652.4198843679999,
    "driver costs [euro]": 582.4,
    "gas costs [euro]": 70.01988436799999
}