{
    "total_n_trips": 48.0,
    "avg waiting time [sec]": 973.972602739726,
    "number users": 73.0,
    "served users": 73.0,
    "total driven distance [km]": 476.32574400000004,
    "avg travel time [sec]": 317.26027397260276,
    "occupancy": 0.3728779773868364,
    "empty vkm [frac]": 0.7333625809651813,
    "shared rides [frac]": 0.5068493150684932,
    "total costs [euro]": 652.419884368,
    "driver costs [euro]": 582.4,
    "gas costs [euro]": 70.01988436799999
}