{
    "total_n_trips": 48.0,
    "avg waiting time [sec]": 1023.2876712328767,
    "number users": 73.0,
    "served users": 73.0,
    "total driven distance [km]": 476.32574400000004,
    "avg travel time [sec]": 304.93150684931504,
    "occupancy": 0.35574929160242913,
    "empty vkm [frac]": 0.7022749960791541,
    "shared rides [frac]": 0.3835616438356164,
    "total costs [euro]": 652.4198843679999,
    "driver costs [euro]": 582.4,
    "gas costs [euro]": 70.01988436799999
}