{
    "total_n_trips": 48.0,
    "avg waiting time [sec]": 997.2972972972973,
    "number users": 74.0,
    "served users": 74.0,
    "total driven distance [km]": 476.32574400000004,
    "avg travel time [sec]": 253.78378378378378,
    "occupancy": 0.3207118509219186,
    "empty vkm [frac]": 0.7887634265680172,
    "shared rides [frac]": 0.6216216216216216,
    "total costs [euro]": 652.4198843679999,
    "driver costs [euro]": 582.4,
    "gas costs [euro]": 70.01988436799999
}