{
    "total_n_trips": 48.0,
    "avg waiting time [sec]": 936.986301369863,
    "number users": 73.0,
    "served users": 73.0,
    "total driven distance [km]": 476.32574400000004,
    "avg travel time [sec]": 304.1095890410959,
    "occupancy": 0.3591682586024576,
    "empty vkm [frac]": 0.7093621523845248,
    "shared rides [frac]": 0.4383561643835616,
    "total costs [euro]": 652.419884368,
    "driver costs [euro]": 582.4,
    "gas costs [euro]": 70.01988436799999
}