{
    "total_n_trips": 48.0,
    "avg waiting time [sec]": 986.3013698630137,
    "number users": 73.0,
    "served users": 73.0,
    "total driven distance [km]": 476.32574400000004,
    "avg travel time [sec]": 341.09589041095893,
    "occupancy": 0.38951592337196866,
    "empty vkm [frac]": 0.7416825952619521,
    "shared rides [frac]": 0.589041095890411,
    "total costs [euro]": 652.4198843679999,
    "driver costs [euro]": 582.4,
    "gas costs [euro]": 70.01988436799999
}