{
    "total_n_trips": 48.0,
    "avg waiting time [sec]": 972.972972972973,
    "number users": 74.0,
    "served users": 74.0,
    "total driven distance [km]": 476.32574400000004,
    "avg travel time [sec]": 318.64864864864865,
    "occupancy": 0.3805902290261262,
    "empty vkm [frac]": 0.6960257852449818,
    "shared rides [frac]": 0.4594594594594595,
    "total costs [euro]": 652.419884368,
    "driver costs [euro]": 582.4,
    "gas costs [euro]": 70.01988436799999
}