{
    "total_n_trips": 48.0,
    "avg waiting time [sec]": 936.986301369863,
    "number users": 73.0,
    "served users": 73.0,
    "total driven distance [km]": 476.32574400000004,
    "avg travel time [sec]": 308.2191780821918,
    "occupancy": 0.3478140077182138,
    "empty vkm [frac]": 0.7494231111724253,
    "shared rides [frac]": 0.5342465753424658,
    "total costs [euro]": 652.419884368,
    "driver costs [euro]": 582.4,
    "gas costs [euro]": 70.01988436799999
}