{
    "total_n_trips": 48.0,
    "avg waiting time [sec]": 887.8378378378378,
    "number users": 74.0,
    "served users": 74.0,
    "total driven distance [km]": 476.32574400000004,
    "avg travel time [sec]": 288.64864864864865,
    "occupancy": 0.3546579103228147,
    "empty vkm [frac]": 0.7091460418733954,
    "shared rides [frac]": 0.3918918918918919,
    "total costs [euro]": 652.419884368,
    "driver costs [euro]": 582.4,
    "gas costs [euro]": 70.01988436799999
}