{
    "total_n_trips": 48.0,
    "avg waiting time [sec]": 1084.9315068493152,
    "number users": 73.0,
    "served users": 73.0,
    "total driven distance [km]": 476.32574400000004,
    "avg travel time [sec]": 325.47945205479454,
    "occupancy": 0.37877463536801814,
    "empty vkm [frac]": 0.7163726972523244,
    "shared rides [frac]": 0.4657534246575342,
    "total costs [euro]": 652.4198843679999,
    "driver costs [euro]": 582.4,
    "gas costs [euro]": 70.01988436799999
}