{
    "total_n_trips": 48.0,
    "avg waiting time [sec]": 1034.6938775510205,
    "number users": 147.0,
    "served users": 147.0,
    "total driven distance [km]": 476.32574400000004,
    "avg travel time [sec]": 310.2040816326531,
    "occupancy": 0.7502396091360539,
    "empty vkm [frac]": 0.5237640609238207,
    "shared rides [frac]": 0.7482993197278912,
    "total costs [euro]": 652.419884368,
    "driver costs [euro]": 582.4,
    "gas costs [euro]": 70.01988436799999
}