{
    "total_n_trips": 48.0,
    "avg waiting time [sec]": 949.3150684931506,
    "number users": 146.0,
    "served users": 146.0,
    "total driven distance [km]": 476.32574400000004,
    "avg travel time [sec]": 298.7671232876712,
    "occupancy": 0.6978053636336734,
    "empty vkm [frac]": 0.5627287300264001,
    "shared rides [frac]": 0.6164383561643836,
    "total costs [euro]": 652.419884368,
    "driver costs [euro]": 582.4,
    "gas costs [euro]": 70.01988436799999
}