{
    "total_n_trips": 48.0,
    "avg waiting time [sec]": 1028.5714285714287,
    "number users": 147.0,
    "served users": 147.0,
    "total driven distance [km]": 476.32574400000004,
    "avg travel time [sec]": 335.51020408163265,
    "occupancy": 0.7984428740009486,
    "empty vkm [frac]": 0.541718937618455,
    "shared rides [frac]": 0.7006802721088435,
    "total costs [euro]": 652.419884368,
    "driver costs [euro]": 582.4,
    "gas costs [euro]": 70.01988436799999
}