{
    "total_n_trips": 48.0,
    "avg waiting time [sec]": 972.972972972973,
    "number users": 74.0,
    "served users": 74.0,
    "total driven distance [km]": 476.32574400000004,
    "avg travel time [sec]": 284.5945945945946,
    "occupancy": 0.34734056700491917,
    "empty vkm [frac]": 0.7528940594065396,
    "shared rides [frac]": 0.5135135135135135,
    "total costs [euro]": 652.419884368,
    "driver costs [euro]": 582.4,
    "gas costs [euro]": 70.01988436799999
}