{
    "total_n_trips": 48.0,
    "avg waiting time [sec]": 1021.6216216216217,
    "number users": 74.0,
    "served users": 74.0,
    "total driven distance [km]": 476.32574400000004,
    "avg travel time [sec]": 274.05405405405406,
    "occupancy": 0.33495877140749286,
    "empty vkm [frac]": 0.7436222510786655,
    "shared rides [frac]": 0.47297297297297297,
    "total costs [euro]": 652.419884368,
    "driver costs [euro]": 582.4,
    "gas costs [euro]": 70.01988436799999
}