{"total_vkm": 2347.9231259999997, "total_time": 289800.0, "total_travel_time": 300000.0, "avg_travel_time": 1102.9411764705883, "occupancy_vkm": 2551.0778739999996, "occupancy_time": 300000.0, "occupancy_vkm_frac": 1.0865252979326037, "occupancy_time_frac": 1.0351966873706004, "empty_vkm": 1699.929780999998, "empty_time": 208560.0, "empty_vkm_frac": 0.7240142414270841, "empty_time_frac": 0.7196687370600414, "total_passengers": 272.0, "shared_rides": 272.0, "shared_rides_frac": 1.0}