{
    "total_n_trips": 48.0,
    "avg waiting time [sec]": 1047.945205479452,
    "number users": 73.0,
    "served users": 73.0,
    "total driven distance [km]": 476.32574400000004,
    "avg travel time [sec]": 273.6986301369863,
    "occupancy": 0.33434768749345606,
    "empty vkm [frac]": 0.714986139821156,
    "shared rides [frac]": 0.3424657534246575,
    "total costs [euro]": 548.4198843679999,
    "driver costs [euro]": 478.4,
    "gas costs [euro]": 70.01988436799999
}