{"number users": 10.0, "served users": 10.0, "total driven distance [km]": 1205.1423000000004, "avg travel time [sec]": 15.0, "occupancy": 0.07065866412621977, "empty vkm [frac]": 0.9293413358737791, "shared rides [frac]": 0.0, "total costs [euro]": 0.0, "driver costs [euro]": 0.0, "gas costs [euro]": 0.0}