{"number users": 160.0, "served users": 160.0, "total driven distance [km]": 476.32574400000004, "avg travel time [sec]": 243.0, "occupancy": 0.6559830009943786, "empty vkm [frac]": 0.5375775763234834, "shared rides [frac]": 0.5625, "total costs [euro]": 548.4198843679999, "driver costs [euro]": 478.4, "gas costs [euro]": 70.01988436799999}