{
    "total_n_trips": 48.0,
    "avg waiting time [sec]": 984.375,
    "number users": 128.0,
    "served users": 128.0,
    "total driven distance [km]": 476.32574400000004,
    "avg travel time [sec]": 312.1875,
    "occupancy": 0.6432255947938018,
    "empty vkm [frac]": 0.6156362839796459,
    "shared rides [frac]": 0.703125,
    "total costs [euro]": 652.419884368,
    "driver costs [euro]": 582.4,
    "gas costs [euro]": 70.01988436799999
}