{
    "total_n_trips": 48.0,
    "avg waiting time [sec]": 955.8139534883721,
    "number users": 129.0,
    "served users": 129.0,
    "total driven distance [km]": 476.32574400000004,
    "avg travel time [sec]": 312.5581395348837,
    "occupancy": 0.6464929113720127,
    "empty vkm [frac]": 0.5843336970676104,
    "shared rides [frac]": 0.6976744186046512,
    "total costs [euro]": 652.419884368,
    "driver costs [euro]": 582.4,
    "gas costs [euro]": 70.01988436799999
}