{
    "total_n_trips": 48.0,
    "avg waiting time [sec]": 934.8837209302326,
    "number users": 129.0,
    "served users": 129.0,
    "total driven distance [km]": 476.32574400000004,
    "avg travel time [sec]": 284.1860465116279,
    "occupancy": 0.5931390913861673,
    "empty vkm [frac]": 0.599433342825997,
    "shared rides [frac]": 0.6046511627906976,
    "total costs [euro]": 652.419884368,
    "driver costs [euro]": 582.4,
    "gas costs [euro]": 70.01988436799999
}