{
    "total_n_trips": 48.0,
    "avg waiting time [sec]": 956.25,
    "number users": 128.0,
    "served users": 128.0,
    "total driven distance [km]": 476.32574400000004,
    "avg travel time [sec]": 304.6875,
    "occupancy": 0.6179378161009076,
    "empty vkm [frac]": 0.6123073918927214,
    "shared rides [frac]": 0.71875,
    "total costs [euro]": 652.419884368,
    "driver costs [euro]": 582.4,
    "gas costs [euro]": 70.01988436799999
}