{
    "total_n_trips": 48.0,
    "avg waiting time [sec]": 962.7906976744187,
    "number users": 129.0,
    "served users": 129.0,
    "total driven distance [km]": 476.32574400000004,
    "avg travel time [sec]": 324.6511627906977,
    "occupancy": 0.653784845607673,
    "empty vkm [frac]": 0.6245541622457429,
    "shared rides [frac]": 0.6589147286821705,
    "total costs [euro]": 652.419884368,
    "driver costs [euro]": 582.4,
    "gas costs [euro]": 70.01988436799999
}