{
    "total_n_trips": 48.0,
    "avg waiting time [sec]": 990.6976744186046,
    "number users": 129.0,
    "served users": 129.0,
    "total driven distance [km]": 476.32574400000004,
    "avg travel time [sec]": 330.69767441860466,
    "occupancy": 0.7016885612632353,
    "empty vkm [frac]": 0.5754912944617164,
    "shared rides [frac]": 0.7054263565891473,
    "total costs [euro]": 652.419884368,
    "driver costs [euro]": 582.4,
    "gas costs [euro]": 70.01988436799999
}