{
    "total_n_trips": 48.0,
    "avg waiting time [sec]": 969.7674418604652,
    "number users": 129.0,
    "served users": 129.0,
    "total driven distance [km]": 476.32574400000004,
    "avg travel time [sec]": 321.3953488372093,
    "occupancy": 0.6488450055305012,
    "empty vkm [frac]": 0.5732919550113592,
    "shared rides [frac]": 0.6744186046511628,
    "total costs [euro]": 652.419884368,
    "driver costs [euro]": 582.4,
    "gas costs [euro]": 70.01988436799999
}