{
    "total_n_trips": 48.0,
    "avg waiting time [sec]": 981.8181818181819,
    "number users": 55.0,
    "served users": 55.0,
    "total driven distance [km]": 476.32574400000004,
    "avg travel time [sec]": 313.09090909090907,
    "occupancy": 0.27833862576195323,
    "empty vkm [frac]": 0.799742062650303,
    "shared rides [frac]": 0.509090909090909,
    "total costs [euro]": 652.419884368,
    "driver costs [euro]": 582.4,
    "gas costs [euro]": 70.01988436799999
}