{
    "total_n_trips": 48.0,
    "avg waiting time [sec]": 883.6363636363636,
    "number users": 55.0,
    "served users": 55.0,
    "total driven distance [km]": 476.32574400000004,
    "avg travel time [sec]": 298.90909090909093,
    "occupancy": 0.2639954896076328,
    "empty vkm [frac]": 0.7936818212370238,
    "shared rides [frac]": 0.45454545454545453,
    "total costs [euro]": 652.419884368,
    "driver costs [euro]": 582.4,
    "gas costs [euro]": 70.01988436799999
}