{
    "total_n_trips": 48.0,
    "avg waiting time [sec]": 900.0,
    "number users": 55.0,
    "served users": 55.0,
    "total driven distance [km]": 476.32574400000004,
    "avg travel time [sec]": 288.0,
    "occupancy": 0.263685195650479,
    "empty vkm [frac]": 0.7820832102662925,
    "shared rides [frac]": 0.36363636363636365,
    "total costs [euro]": 652.419884368,
    "driver costs [euro]": 582.4,
    "gas costs [euro]": 70.01988436799999
}