{
    "total_n_trips": 48.0,
    "avg waiting time [sec]": 916.3636363636364,
    "number users": 55.0,
    "served users": 55.0,
    "total driven distance [km]": 476.32574400000004,
    "avg travel time [sec]": 345.8181818181818,
    "occupancy": 0.3109211162015211,
    "empty vkm [frac]": 0.7758116197893353,
    "shared rides [frac]": 0.5454545454545454,
    "total costs [euro]": 652.419884368,
    "driver costs [euro]": 582.4,
    "gas costs [euro]": 70.01988436799999
}