{
    "total_n_trips": 48.0,
    "avg waiting time [sec]": 950.0,
    "number users": 36.0,
    "served users": 36.0,
    "total driven distance [km]": 476.32574400000004,
    "avg travel time [sec]": 308.3333333333333,
    "occupancy": 0.17392988106055418,
    "empty vkm [frac]": 0.8314750902903121,
    "shared rides [frac]": 0.16666666666666666,
    "total costs [euro]": 652.419884368,
    "driver costs [euro]": 582.4,
    "gas costs [euro]": 70.01988436799999
}