{
    "total_n_trips": 48.0,
    "avg waiting time [sec]": 924.3243243243244,
    "number users": 37.0,
    "served users": 37.0,
    "total driven distance [km]": 476.32574400000004,
    "avg travel time [sec]": 256.2162162162162,
    "occupancy": 0.1550064969824515,
    "empty vkm [frac]": 0.8686597128371886,
    "shared rides [frac]": 0.2972972972972973,
    "total costs [euro]": 652.419884368,
    "driver costs [euro]": 582.4,
    "gas costs [euro]": 70.01988436799999
}