{
    "total_n_trips": 48.0,
    "avg waiting time [sec]": 997.2972972972973,
    "number users": 37.0,
    "served users": 37.0,
    "total driven distance [km]": 476.32574400000004,
    "avg travel time [sec]": 283.7837837837838,
    "occupancy": 0.1676907872525151,
    "empty vkm [frac]": 0.8561238567025682,
    "shared rides [frac]": 0.2972972972972973,
    "total costs [euro]": 652.419884368,
    "driver costs [euro]": 582.4,
    "gas costs [euro]": 70.01988436799999
}