{
    "total_n_trips": 48.0,
    "avg waiting time [sec]": 972.972972972973,
    "number users": 37.0,
    "served users": 37.0,
    "total driven distance [km]": 476.32574400000004,
    "avg travel time [sec]": 366.4864864864865,
    "occupancy": 0.20636571975836762,
    "empty vkm [frac]": 0.8209319104112924,
    "shared rides [frac]": 0.3783783783783784,
    "total costs [euro]": 652.419884368,
    "driver costs [euro]": 582.4,
    "gas costs [euro]": 70.01988436799999
}