{
    "total_n_trips": 48.0,
    "avg waiting time [sec]": 1025.0,
    "number users": 36.0,
    "served users": 36.0,
    "total driven distance [km]": 476.32574400000004,
    "avg travel time [sec]": 266.6666666666667,
    "occupancy": 0.1592498745984218,
    "empty vkm [frac]": 0.8550682912490243,
    "shared rides [frac]": 0.16666666666666666,
    "total costs [euro]": 652.419884368,
    "driver costs [euro]": 582.4,
    "gas costs [euro]": 70.01988436799999
}