{
    "total_n_trips": 48.0,
    "avg waiting time [sec]": 948.9130434782609,
    "number users": 92.0,
    "served users": 92.0,
    "total driven distance [km]": 476.32574400000004,
    "avg travel time [sec]": 287.60869565217394,
    "occupancy": 0.4229187515844199,
    "empty vkm [frac]": 0.7006415109908486,
    "shared rides [frac]": 0.4782608695652174,
    "total costs [euro]": 652.419884368,
    "driver costs [euro]": 582.4,
    "gas costs [euro]": 70.01988436799999
}