{
    "total_n_trips": 48.0,
    "avg waiting time [sec]": 909.7826086956521,
    "number users": 92.0,
    "served users": 92.0,
    "total driven distance [km]": 476.32574400000004,
    "avg travel time [sec]": 324.7826086956522,
    "occupancy": 0.47484108690123616,
    "empty vkm [frac]": 0.6693621854711261,
    "shared rides [frac]": 0.5869565217391305,
    "total costs [euro]": 652.419884368,
    "driver costs [euro]": 582.4,
    "gas costs [euro]": 70.01988436799999
}