{
    "total_n_trips": 48.0,
    "avg waiting time [sec]": 1006.4516129032259,
    "number users": 93.0,
    "served users": 93.0,
    "total driven distance [km]": 476.32574400000004,
    "avg travel time [sec]": 300.0,
    "occupancy": 0.4449457533414361,
    "empty vkm [frac]": 0.7153223236239781,
    "shared rides [frac]": 0.6021505376344086,
    "total costs [euro]": 652.419884368,
    "driver costs [euro]": 582.4,
    "gas costs [euro]": 70.01988436799999
}