{
    "total_n_trips": 48.0,
    "avg waiting time [sec]": 1018.6813186813187,
    "number users": 91.0,
    "served users": 91.0,
    "total driven distance [km]": 476.32574400000004,
    "avg travel time [sec]": 354.0659340659341,
    "occupancy": 0.5142885474609158,
    "empty vkm [frac]": 0.6510325652270439,
    "shared rides [frac]": 0.7252747252747253,
    "total costs [euro]": 652.419884368,
    "driver costs [euro]": 582.4,
    "gas costs [euro]": 70.01988436799999
}