{
    "total_n_trips": 48.0,
    "avg waiting time [sec]": 919.7802197802198,
    "number users": 91.0,
    "served users": 91.0,
    "total driven distance [km]": 476.32574400000004,
    "avg travel time [sec]": 311.86813186813185,
    "occupancy": 0.4503076932159266,
    "empty vkm [frac]": 0.6398385009398109,
    "shared rides [frac]": 0.42857142857142855,
    "total costs [euro]": 652.419884368,
    "driver costs [euro]": 582.4,
    "gas costs [euro]": 70.01988436799999
}