{
    "total_n_trips": 48.0,
    "avg waiting time [sec]": 958.695652173913,
    "number users": 92.0,
    "served users": 92.0,
    "total driven distance [km]": 476.32574400000004,
    "avg travel time [sec]": 303.9130434782609,
    "occupancy": 0.44136675300086237,
    "empty vkm [frac]": 0.6798750352657827,
    "shared rides [frac]": 0.5652173913043478,
    "total costs [euro]": 652.419884368,
    "driver costs [euro]": 582.4,
    "gas costs [euro]": 70.01988436799999
}