{
    "total_n_trips": 48.0,
    "avg waiting time [sec]": 990.0,
    "number users": 220.0,
    "served users": 220.0,
    "total driven distance [km]": 476.32574400000004,
    "avg travel time [sec]": 329.45454545454544,
    "occupancy": 1.183585397391412,
    "empty vkm [frac]": 0.431466698134208,
    "shared rides [frac]": 0.8681818181818182,
    "total costs [euro]": 652.419884368,
    "driver costs [euro]": 582.4,
    "gas costs [euro]": 70.01988436799999
}