{
    "total_n_trips": 48.0,
    "avg waiting time [sec]": 981.8181818181819,
    "number users": 220.0,
    "served users": 220.0,
    "total driven distance [km]": 476.32574400000004,
    "avg travel time [sec]": 296.45454545454544,
    "occupancy": 1.039501465618873,
    "empty vkm [frac]": 0.465623090487421,
    "shared rides [frac]": 0.8045454545454546,
    "total costs [euro]": 652.419884368,
    "driver costs [euro]": 582.4,
    "gas costs [euro]": 70.01988436799999
}