{
    "total_n_trips": 48.0,
    "avg waiting time [sec]": 1018.6363636363636,
    "number users": 220.0,
    "served users": 220.0,
    "total driven distance [km]": 476.32574400000004,
    "avg travel time [sec]": 288.54545454545456,
    "occupancy": 1.0400231212361262,
    "empty vkm [frac]": 0.4451263860304811,
    "shared rides [frac]": 0.8045454545454546,
    "total costs [euro]": 652.419884368,
    "driver costs [euro]": 582.4,
    "gas costs [euro]": 70.01988436799999
}