{
    "total_n_trips": 48.0,
    "avg waiting time [sec]": 949.0909090909091,
    "number users": 220.0,
    "served users": 220.0,
    "total driven distance [km]": 476.32574400000004,
    "avg travel time [sec]": 310.6363636363636,
    "occupancy": 1.0930221420070887,
    "empty vkm [frac]": 0.44146462299967587,
    "shared rides [frac]": 0.8181818181818182,
    "total costs [euro]": 652.419884368,
    "driver costs [euro]": 582.4,
    "gas costs [euro]": 70.01988436799999
}