{
    "total_n_trips": 48.0,
    "avg waiting time [sec]": 994.7368421052631,
    "number users": 38.0,
    "served users": 38.0,
    "total driven distance [km]": 476.32574400000004,
    "avg travel time [sec]": 431.05263157894734,
    "occupancy": 0.2502059619939416,
    "empty vkm [frac]": 0.8136334890183895,
    "shared rides [frac]": 0.47368421052631576,
    "total costs [euro]": 652.419884368,
    "driver costs [euro]": 582.4,
    "gas costs [euro]": 70.01988436799999
}