{
    "total_n_trips": 48.0,
    "avg waiting time [sec]": 972.972972972973,
    "number users": 37.0,
    "served users": 37.0,
    "total driven distance [km]": 476.32574400000004,
    "avg travel time [sec]": 337.2972972972973,
    "occupancy": 0.1997165830281052,
    "empty vkm [frac]": 0.8342144908296206,
    "shared rides [frac]": 0.43243243243243246,
    "total costs [euro]": 652.419884368,
    "driver costs [euro]": 582.4,
    "gas costs [euro]": 70.01988436799999
}