{
    "total_n_trips": 48.0,
    "avg waiting time [sec]": 1075.0,
    "number users": 36.0,
    "served users": 36.0,
    "total driven distance [km]": 476.32574400000004,
    "avg travel time [sec]": 325.0,
    "occupancy": 0.18879299750802458,
    "empty vkm [frac]": 0.8408007399238959,
    "shared rides [frac]": 0.2777777777777778,
    "total costs [euro]": 652.419884368,
    "driver costs [euro]": 582.4,
    "gas costs [euro]": 70.01988436799999
}