{
    "total_n_trips": 48.0,
    "avg waiting time [sec]": 947.3684210526316,
    "number users": 19.0,
    "served users": 19.0,
    "total driven distance [km]": 476.32574400000004,
    "avg travel time [sec]": 337.89473684210526,
    "occupancy": 0.1007510545136523,
    "empty vkm [frac]": 0.899248945486348,
    "shared rides [frac]": 0.0,
    "total costs [euro]": 652.419884368,
    "driver costs [euro]": 582.4,
    "gas costs [euro]": 70.01988436799999
}