{
    "total_n_trips": 48.0,
    "avg waiting time [sec]": 994.7368421052631,
    "number users": 19.0,
    "served users": 19.0,
    "total driven distance [km]": 476.32574400000004,
    "avg travel time [sec]": 221.05263157894737,
    "occupancy": 0.074021615342294,
    "empty vkm [frac]": 0.9283525813376996,
    "shared rides [frac]": 0.10526315789473684,
    "total costs [euro]": 652.419884368,
    "driver costs [euro]": 582.4,
    "gas costs [euro]": 70.01988436799999
}