{
    "total_n_trips": 48.0,
    "avg waiting time [sec]": 950.0,
    "number users": 18.0,
    "served users": 18.0,
    "total driven distance [km]": 476.32574400000004,
    "avg travel time [sec]": 270.0,
    "occupancy": 0.07182241235317316,
    "empty vkm [frac]": 0.9351816369597697,
    "shared rides [frac]": 0.3333333333333333,
    "total costs [euro]": 652.419884368,
    "driver costs [euro]": 582.4,
    "gas costs [euro]": 70.01988436799999
}