{
    "total_n_trips": 48.0,
    "avg waiting time [sec]": 1009.4594594594595,
    "number users": 74.0,
    "served users": 74.0,
    "total driven distance [km]": 476.32574400000004,
    "avg travel time [sec]": 266.7567567567568,
    "occupancy": 0.3306961254649296,
    "empty vkm [frac]": 0.7453644705796131,
    "shared rides [frac]": 0.5135135135135135,
    "total costs [euro]": 652.419884368,
    "driver costs [euro]": 582.4,
    "gas costs [euro]": 70.01988436799999
}