{
    "total_n_trips": 48.0,
    "avg waiting time [sec]": 972.972972972973,
    "number users": 74.0,
    "served users": 74.0,
    "total driven distance [km]": 476.32574400000004,
    "avg travel time [sec]": 339.72972972972974,
    "occupancy": 0.396495562918808,
    "empty vkm [frac]": 0.7067317990690005,
    "shared rides [frac]": 0.5405405405405406,
    "total costs [euro]": 652.419884368,
    "driver costs [euro]": 582.4,
    "gas costs [euro]": 70.01988436799999
}