{
    "total_n_trips": 48.0,
    "avg waiting time [sec]": 936.4864864864865,
    "number users": 74.0,
    "served users": 74.0,
    "total driven distance [km]": 476.32574400000004,
    "avg travel time [sec]": 315.4054054054054,
    "occupancy": 0.37239801802524436,
    "empty vkm [frac]": 0.7327481946892214,
    "shared rides [frac]": 0.527027027027027,
    "total costs [euro]": 652.419884368,
    "driver costs [euro]": 582.4,
    "gas costs [euro]": 70.01988436799999
}