{
    "total_n_trips": 48.0,
    "avg waiting time [sec]": 986.3013698630137,
    "number users": 73.0,
    "served users": 73.0,
    "total driven distance [km]": 476.32574400000004,
    "avg travel time [sec]": 334.52054794520546,
    "occupancy": 0.38915193506736,
    "empty vkm [frac]": 0.7124555459677194,
    "shared rides [frac]": 0.6027397260273972,
    "total costs [euro]": 652.419884368,
    "driver costs [euro]": 582.4,
    "gas costs [euro]": 70.01988436799999
}