{
    "total_n_trips": 48.0,
    "avg waiting time [sec]": 997.2972972972973,
    "number users": 74.0,
    "served users": 74.0,
    "total driven distance [km]": 476.32574400000004,
    "avg travel time [sec]": 309.72972972972974,
    "occupancy": 0.35718228364327087,
    "empty vkm [frac]": 0.7403942458335826,
    "shared rides [frac]": 0.5675675675675675,
    "total costs [euro]": 652.419884368,
    "driver costs [euro]": 582.4,
    "gas costs [euro]": 70.01988436799999
}