{
    "total_n_trips": 48.0,
    "avg waiting time [sec]": 963.28125,
    "number users": 128.0,
    "served users": 128.0,
    "total driven distance [km]": 476.32574400000004,
    "avg travel time [sec]": 305.15625,
    "occupancy": 0.6234917611339522,
    "empty vkm [frac]": 0.5955038596444205,
    "shared rides [frac]": 0.703125,
    "total costs [euro]": 652.419884368,
    "driver costs [euro]": 582.4,
    "gas costs [euro]": 70.01988436799999
}