{
    "total_n_trips": 48.0,
    "avg waiting time [sec]": 1025.5813953488373,
    "number users": 129.0,
    "served users": 129.0,
    "total driven distance [km]": 476.32574400000004,
    "avg travel time [sec]": 342.3255813953488,
    "occupancy": 0.6977411659698158,
    "empty vkm [frac]": 0.552823493831566,
    "shared rides [frac]": 0.6666666666666666,
    "total costs [euro]": 652.419884368,
    "driver costs [euro]": 582.4,
    "gas costs [euro]": 70.01988436799999
}