{
    "total_n_trips": 48.0,
    "avg waiting time [sec]": 985.0393700787401,
    "number users": 127.0,
    "served users": 127.0,
    "total driven distance [km]": 476.32574400000004,
    "avg travel time [sec]": 312.755905511811,
    "occupancy": 0.6269662153721427,
    "empty vkm [frac]": 0.5935442951830043,
    "shared rides [frac]": 0.6692913385826772,
    "total costs [euro]": 652.419884368,
    "driver costs [euro]": 582.4,
    "gas costs [euro]": 70.01988436799999
}