{
    "total_n_trips": 48.0,
    "avg waiting time [sec]": 990.6976744186046,
    "number users": 129.0,
    "served users": 129.0,
    "total driven distance [km]": 476.32574400000004,
    "avg travel time [sec]": 308.83720930232556,
    "occupancy": 0.6472519549562706,
    "empty vkm [frac]": 0.6238040747174065,
    "shared rides [frac]": 0.7209302325581395,
    "total costs [euro]": 652.419884368,
    "driver costs [euro]": 582.4,
    "gas costs [euro]": 70.01988436799999
}