{
    "total_n_trips": 48.0,
    "avg waiting time [sec]": 973.6363636363636,
    "number users": 220.0,
    "served users": 220.0,
    "total driven distance [km]": 476.32574400000004,
    "avg travel time [sec]": 306.54545454545456,
    "occupancy": 1.060934661553796,
    "empty vkm [frac]": 0.4481403297823855,
    "shared rides [frac]": 0.8363636363636363,
    "total costs [euro]": 652.419884368,
    "driver costs [euro]": 582.4,
    "gas costs [euro]": 70.01988436799999
}