{
    "total_n_trips": 48.0,
    "avg waiting time [sec]": 920.4545454545455,
    "number users": 220.0,
    "served users": 220.0,
    "total driven distance [km]": 476.32574400000004,
    "avg travel time [sec]": 301.3636363636364,
    "occupancy": 1.0646814945194312,
    "empty vkm [frac]": 0.5004858607852196,
    "shared rides [frac]": 0.8181818181818182,
    "total costs [euro]": 652.419884368,
    "driver costs [euro]": 582.4,
    "gas costs [euro]": 70.01988436799999
}