{
    "total_n_trips": 48.0,
    "avg waiting time [sec]": 998.1818181818181,
    "number users": 220.0,
    "served users": 220.0,
    "total driven distance [km]": 476.32574400000004,
    "avg travel time [sec]": 295.3636363636364,
    "occupancy": 1.0565156352330185,
    "empty vkm [frac]": 0.43848701572594423,
    "shared rides [frac]": 0.8090909090909091,
    "total costs [euro]": 652.419884368,
    "driver costs [euro]": 582.4,
    "gas costs [euro]": 70.01988436799999
}