{
    "total_n_trips": 48.0,
    "avg waiting time [sec]": 990.0,
    "number users": 220.0,
    "served users": 220.0,
    "total driven distance [km]": 476.32574400000004,
    "avg travel time [sec]": 315.8181818181818,
    "occupancy": 1.1452264986122611,
    "empty vkm [frac]": 0.3856116897179508,
    "shared rides [frac]": 0.8227272727272728,
    "total costs [euro]": 652.419884368,
    "driver costs [euro]": 582.4,
    "gas costs [euro]": 70.01988436799999
}