{
    "total_n_trips": 48.0,
    "avg waiting time [sec]": 998.1818181818181,
    "number users": 220.0,
    "served users": 220.0,
    "total driven distance [km]": 476.32574400000004,
    "avg travel time [sec]": 342.8181818181818,
    "occupancy": 1.2064644274192327,
    "empty vkm [frac]": 0.4140481560870665,
    "shared rides [frac]": 0.8227272727272728,
    "total costs [euro]": 652.419884368,
    "driver costs [euro]": 582.4,
    "gas costs [euro]": 70.01988436799999
}