{
    "total_n_trips": 48.0,
    "avg waiting time [sec]": 1002.2727272727273,
    "number users": 220.0,
    "served users": 220.0,
    "total driven distance [km]": 476.32574400000004,
    "avg travel time [sec]": 314.1818181818182,
    "occupancy": 1.1066559568529226,
    "empty vkm [frac]": 0.4184928707107632,
    "shared rides [frac]": 0.8136363636363636,
    "total costs [euro]": 652.419884368,
    "driver costs [euro]": 582.4,
    "gas costs [euro]": 70.01988436799999
}