{
    "total_n_trips": 48.0,
    "avg waiting time [sec]": 990.0,
    "number users": 220.0,
    "served users": 220.0,
    "total driven distance [km]": 476.32574400000004,
    "avg travel time [sec]": 300.8181818181818,
    "occupancy": 1.0771465356699261,
    "empty vkm [frac]": 0.4623680071342105,
    "shared rides [frac]": 0.7954545454545454,
    "total costs [euro]": 652.419884368,
    "driver costs [euro]": 582.4,
    "gas costs [euro]": 70.01988436799999
}