{
    "total_n_trips": 48.0,
    "avg waiting time [sec]": 965.4545454545455,
    "number users": 220.0,
    "served users": 220.0,
    "total driven distance [km]": 476.32574400000004,
    "avg travel time [sec]": 302.45454545454544,
    "occupancy": 1.0994537091406926,
    "empty vkm [frac]": 0.46854709368805425,
    "shared rides [frac]": 0.8545454545454545,
    "total costs [euro]": 652.419884368,
    "driver costs [euro]": 582.4,
    "gas costs [euro]": 70.01988436799999
}