{
    "total_n_trips": 48.0,
    "avg waiting time [sec]": 916.3636363636364,
    "number users": 220.0,
    "served users": 220.0,
    "total driven distance [km]": 476.32574400000004,
    "avg travel time [sec]": 328.3636363636364,
    "occupancy": 1.164877042631565,
    "empty vkm [frac]": 0.4011908245715144,
    "shared rides [frac]": 0.8272727272727273,
    "total costs [euro]": 652.419884368,
    "driver costs [euro]": 582.4,
    "gas costs [euro]": 70.01988436799999
}