{
    "total_n_trips": 48.0,
    "avg waiting time [sec]": 1018.0995475113123,
    "number users": 221.0,
    "served users": 221.0,
    "total driven distance [km]": 476.32574400000004,
    "avg travel time [sec]": 331.49321266968326,
    "occupancy": 1.1761394614018597,
    "empty vkm [frac]": 0.40471400806755475,
    "shared rides [frac]": 0.7918552036199095,
    "total costs [euro]": 652.419884368,
    "driver costs [euro]": 582.4,
    "gas costs [euro]": 70.01988436799999
}