{
    "total_n_trips": 48.0,
    "avg waiting time [sec]": 973.3695652173913,
    "number users": 368.0,
    "served users": 368.0,
    "total driven distance [km]": 476.32574400000004,
    "avg travel time [sec]": 297.39130434782606,
    "occupancy": 1.7731106992193142,
    "empty vkm [frac]": 0.34491987693195103,
    "shared rides [frac]": 0.8722826086956522,
    "total costs [euro]": 652.419884368,
    "driver costs [euro]": 582.4,
    "gas costs [euro]": 70.01988436799999
}