{
    "total_n_trips": 48.0,
    "avg waiting time [sec]": 956.4032697547684,
    "number users": 367.0,
    "served users": 367.0,
    "total driven distance [km]": 476.32574400000004,
    "avg travel time [sec]": 318.14713896457766,
    "occupancy": 1.871753255478042,
    "empty vkm [frac]": 0.3186827353173671,
    "shared rides [frac]": 0.8937329700272479,
    "total costs [euro]": 652.419884368,
    "driver costs [euro]": 582.4,
    "gas costs [euro]": 70.01988436799999
}