{
    "total_n_trips": 48.0,
    "avg waiting time [sec]": 988.0434782608696,
    "number users": 368.0,
    "served users": 368.0,
    "total driven distance [km]": 476.32574400000004,
    "avg travel time [sec]": 336.35869565217394,
    "occupancy": 1.9714594095086315,
    "empty vkm [frac]": 0.34732975927498894,
    "shared rides [frac]": 0.9103260869565217,
    "total costs [euro]": 652.419884368,
    "driver costs [euro]": 582.4,
    "gas costs [euro]": 70.01988436799999
}