{
    "total_n_trips": 48.0,
    "avg waiting time [sec]": 1002.9972752043597,
    "number users": 367.0,
    "served users": 367.0,
    "total driven distance [km]": 476.32574400000004,
    "avg travel time [sec]": 304.5776566757493,
    "occupancy": 1.7804942808214028,
    "empty vkm [frac]": 0.33308760443567387,
    "shared rides [frac]": 0.8991825613079019,
    "total costs [euro]": 652.419884368,
    "driver costs [euro]": 582.4,
    "gas costs [euro]": 70.01988436799999
}