{
    "total_n_trips": 48.0,
    "avg waiting time [sec]": 953.804347826087,
    "number users": 368.0,
    "served users": 368.0,
    "total driven distance [km]": 476.32574400000004,
    "avg travel time [sec]": 299.1847826086956,
    "occupancy": 1.7875461650462456,
    "empty vkm [frac]": 0.3751796417705276,
    "shared rides [frac]": 0.8913043478260869,
    "total costs [euro]": 652.419884368,
    "driver costs [euro]": 582.4,
    "gas costs [euro]": 70.01988436799999
}