{
    "total_n_trips": 48.0,
    "avg waiting time [sec]": 963.7602179836513,
    "number users": 367.0,
    "served users": 367.0,
    "total driven distance [km]": 476.32574400000004,
    "avg travel time [sec]": 303.5967302452316,
    "occupancy": 1.7851579191571039,
    "empty vkm [frac]": 0.33857153015857167,
    "shared rides [frac]": 0.8910081743869209,
    "total costs [euro]": 652.419884368,
    "driver costs [euro]": 582.4,
    "gas costs [euro]": 70.01988436799999
}