{
    "total_n_trips": 48.0,
    "avg waiting time [sec]": 973.5694822888283,
    "number users": 367.0,
    "served users": 367.0,
    "total driven distance [km]": 476.32574400000004,
    "avg travel time [sec]": 289.70027247956403,
    "occupancy": 1.7360992522797594,
    "empty vkm [frac]": 0.36044855681787386,
    "shared rides [frac]": 0.8664850136239782,
    "total costs [euro]": 652.419884368,
    "driver costs [euro]": 582.4,
    "gas costs [euro]": 70.01988436799999
}