{
    "total_n_trips": 48.0,
    "avg waiting time [sec]": 968.6648501362398,
    "number users": 367.0,
    "served users": 367.0,
    "total driven distance [km]": 476.32574400000004,
    "avg travel time [sec]": 321.74386920980925,
    "occupancy": 1.8984414497655195,
    "empty vkm [frac]": 0.33281125573594866,
    "shared rides [frac]": 0.8991825613079019,
    "total costs [euro]": 652.419884368,
    "driver costs [euro]": 582.4,
    "gas costs [euro]": 70.01988436799999
}