{
    "total_n_trips": 48.0,
    "avg waiting time [sec]": 1005.449591280654,
    "number users": 367.0,
    "served users": 367.0,
    "total driven distance [km]": 476.32574400000004,
    "avg travel time [sec]": 316.6757493188011,
    "occupancy": 1.857583805086126,
    "empty vkm [frac]": 0.31449789957185276,
    "shared rides [frac]": 0.8692098092643051,
    "total costs [euro]": 652.419884368,
    "driver costs [euro]": 582.4,
    "gas costs [euro]": 70.01988436799999
}