{
    "total_n_trips": 48.0,
    "avg waiting time [sec]": 953.9509536784741,
    "number users": 367.0,
    "served users": 367.0,
    "total driven distance [km]": 476.32574400000004,
    "avg travel time [sec]": 292.31607629427793,
    "occupancy": 1.7231179992656451,
    "empty vkm [frac]": 0.3830106251825853,
    "shared rides [frac]": 0.9100817438692098,
    "total costs [euro]": 652.419884368,
    "driver costs [euro]": 582.4,
    "gas costs [euro]": 70.01988436799999
}