{
    "total_n_trips": 48.0,
    "avg waiting time [sec]": 1020.4918032786885,
    "number users": 366.0,
    "served users": 366.0,
    "total driven distance [km]": 476.32574400000004,
    "avg travel time [sec]": 300.9836065573771,
    "occupancy": 1.7744297356306644,
    "empty vkm [frac]": 0.32735532556056846,
    "shared rides [frac]": 0.8852459016393442,
    "total costs [euro]": 652.419884368,
    "driver costs [euro]": 582.4,
    "gas costs [euro]": 70.01988436799999
}