{
    "total_n_trips": 48.0,
    "avg waiting time [sec]": 1000.2717391304348,
    "number users": 368.0,
    "served users": 368.0,
    "total driven distance [km]": 476.32574400000004,
    "avg travel time [sec]": 320.54347826086956,
    "occupancy": 1.8883765287311447,
    "empty vkm [frac]": 0.36334750573548685,
    "shared rides [frac]": 0.9211956521739131,
    "total costs [euro]": 652.419884368,
    "driver costs [euro]": 582.4,
    "gas costs [euro]": 70.01988436799999
}