{
    "total_n_trips": 48.0,
    "avg waiting time [sec]": 998.0926430517711,
    "number users": 367.0,
    "served users": 367.0,
    "total driven distance [km]": 476.32574400000004,
    "avg travel time [sec]": 309.48228882833786,
    "occupancy": 1.8301748960266147,
    "empty vkm [frac]": 0.2917736312820413,
    "shared rides [frac]": 0.9019073569482289,
    "total costs [euro]": 652.419884368,
    "driver costs [euro]": 582.4,
    "gas costs [euro]": 70.01988436799999
}