{
    "total_n_trips": 48.0,
    "avg waiting time [sec]": 980.7065217391304,
    "number users": 368.0,
    "served users": 368.0,
    "total driven distance [km]": 476.32574400000004,
    "avg travel time [sec]": 279.29347826086956,
    "occupancy": 1.6642102741354248,
    "empty vkm [frac]": 0.3862949280356344,
    "shared rides [frac]": 0.8831521739130435,
    "total costs [euro]": 652.419884368,
    "driver costs [euro]": 582.4,
    "gas costs [euro]": 70.01988436799999
}