{
    "total_n_trips": 48.0,
    "avg waiting time [sec]": 956.5573770491803,
    "number users": 366.0,
    "served users": 366.0,
    "total driven distance [km]": 476.32574400000004,
    "avg travel time [sec]": 300.327868852459,
    "occupancy": 1.7359640254926043,
    "empty vkm [frac]": 0.338582696886524,
    "shared rides [frac]": 0.8907103825136612,
    "total costs [euro]": 652.419884368,
    "driver costs [euro]": 582.4,
    "gas costs [euro]": 70.01988436799999
}