{
    "total_n_trips": 48.0,
    "avg waiting time [sec]": 958.8555858310626,
    "number users": 367.0,
    "served users": 367.0,
    "total driven distance [km]": 476.32574400000004,
    "avg travel time [sec]": 297.54768392370573,
    "occupancy": 1.7641919622971274,
    "empty vkm [frac]": 0.3534663937878613,
    "shared rides [frac]": 0.9046321525885559,
    "total costs [euro]": 652.419884368,
    "driver costs [euro]": 582.4,
    "gas costs [euro]": 70.01988436799999
}