{
    "total_n_trips": 48.0,
    "avg waiting time [sec]": 983.1521739130435,
    "number users": 368.0,
    "served users": 368.0,
    "total driven distance [km]": 476.32574400000004,
    "avg travel time [sec]": 305.05434782608694,
    "occupancy": 1.8202764849930082,
    "empty vkm [frac]": 0.323445660749338,
    "shared rides [frac]": 0.9211956521739131,
    "total costs [euro]": 652.419884368,
    "driver costs [euro]": 582.4,
    "gas costs [euro]": 70.01988436799999
}