{
    "total_n_trips": 48.0,
    "avg waiting time [sec]": 1004.7945205479452,
    "number users": 146.0,
    "served users": 146.0,
    "total driven distance [km]": 476.32574400000004,
    "avg travel time [sec]": 323.83561643835617,
    "occupancy": 0.7603567906251993,
    "empty vkm [frac]": 0.5204363340059153,
    "shared rides [frac]": 0.7123287671232876,
    "total costs [euro]": 652.419884368,
    "driver costs [euro]": 582.4,
    "gas costs [euro]": 70.01988436799999
}