{
    "total_n_trips": 48.0,
    "avg waiting time [sec]": 991.8367346938776,
    "number users": 147.0,
    "served users": 147.0,
    "total driven distance [km]": 476.32574400000004,
    "avg travel time [sec]": 320.81632653061223,
    "occupancy": 0.7675566492160877,
    "empty vkm [frac]": 0.5289105369035022,
    "shared rides [frac]": 0.7551020408163265,
    "total costs [euro]": 652.419884368,
    "driver costs [euro]": 582.4,
    "gas costs [euro]": 70.01988436799999
}