{
    "total_n_trips": 48.0,
    "avg waiting time [sec]": 980.1369863013699,
    "number users": 146.0,
    "served users": 146.0,
    "total driven distance [km]": 476.32574400000004,
    "avg travel time [sec]": 320.958904109589,
    "occupancy": 0.756419657216764,
    "empty vkm [frac]": 0.53541747052832,
    "shared rides [frac]": 0.678082191780822,
    "total costs [euro]": 652.419884368,
    "driver costs [euro]": 582.4,
    "gas costs [euro]": 70.01988436799999
}