{
    "total_n_trips": 48.0,
    "avg waiting time [sec]": 930.6122448979592,
    "number users": 147.0,
    "served users": 147.0,
    "total driven distance [km]": 476.32574400000004,
    "avg travel time [sec]": 340.40816326530614,
    "occupancy": 0.8088016254691457,
    "empty vkm [frac]": 0.5253532485953565,
    "shared rides [frac]": 0.7278911564625851,
    "total costs [euro]": 652.419884368,
    "driver costs [euro]": 582.4,
    "gas costs [euro]": 70.01988436799999
}