{
    "total_n_trips": 48.0,
    "avg waiting time [sec]": 958.695652173913,
    "number users": 92.0,
    "served users": 92.0,
    "total driven distance [km]": 476.32574400000004,
    "avg travel time [sec]": 294.7826086956522,
    "occupancy": 0.4489346853358402,
    "empty vkm [frac]": 0.6727417361678442,
    "shared rides [frac]": 0.5869565217391305,
    "total costs [euro]": 652.419884368,
    "driver costs [euro]": 582.4,
    "gas costs [euro]": 70.01988436799999
}