{
    "total_n_trips": 48.0,
    "avg waiting time [sec]": 1076.0869565217392,
    "number users": 92.0,
    "served users": 92.0,
    "total driven distance [km]": 476.32574400000004,
    "avg travel time [sec]": 290.2173913043478,
    "occupancy": 0.41874316581133597,
    "empty vkm [frac]": 0.6763793371621756,
    "shared rides [frac]": 0.5543478260869565,
    "total costs [euro]": 652.419884368,
    "driver costs [euro]": 582.4,
    "gas costs [euro]": 70.01988436799999
}