{
    "total_n_trips": 48.0,
    "avg waiting time [sec]": 998.9010989010989,
    "number users": 91.0,
    "served users": 91.0,
    "total driven distance [km]": 476.32574400000004,
    "avg travel time [sec]": 292.74725274725273,
    "occupancy": 0.43171757896839613,
    "empty vkm [frac]": 0.6736636787786139,
    "shared rides [frac]": 0.6043956043956044,
    "total costs [euro]": 652.419884368,
    "driver costs [euro]": 582.4,
    "gas costs [euro]": 70.01988436799999
}