{
    "total_n_trips": 48.0,
    "avg waiting time [sec]": 979.1208791208791,
    "number users": 91.0,
    "served users": 91.0,
    "total driven distance [km]": 476.32574400000004,
    "avg travel time [sec]": 269.6703296703297,
    "occupancy": 0.3848007173846979,
    "empty vkm [frac]": 0.7048778744992632,
    "shared rides [frac]": 0.5054945054945055,
    "total costs [euro]": 652.419884368,
    "driver costs [euro]": 582.4,
    "gas costs [euro]": 70.01988436799999
}