{
    "total_n_trips": 48.0,
    "avg waiting time [sec]": 959.3406593406594,
    "number users": 91.0,
    "served users": 91.0,
    "total driven distance [km]": 476.32574400000004,
    "avg travel time [sec]": 294.72527472527474,
    "occupancy": 0.43837928482824146,
    "empty vkm [frac]": 0.6726217300570682,
    "shared rides [frac]": 0.5164835164835165,
    "total costs [euro]": 652.419884368,
    "driver costs [euro]": 582.4,
    "gas costs [euro]": 70.01988436799999
}