{
    "total_n_trips": 48.0,
    "avg waiting time [sec]": 978.2608695652174,
    "number users": 92.0,
    "served users": 92.0,
    "total driven distance [km]": 476.32574400000004,
    "avg travel time [sec]": 313.04347826086956,
    "occupancy": 0.4678235594169355,
    "empty vkm [frac]": 0.6961556249623999,
    "shared rides [frac]": 0.6304347826086957,
    "total costs [euro]": 652.419884368,
    "driver costs [euro]": 582.4,
    "gas costs [euro]": 70.01988436799999
}