{
    "total_n_trips": 48.0,
    "avg waiting time [sec]": 900.0,
    "number users": 92.0,
    "served users": 92.0,
    "total driven distance [km]": 476.32574400000004,
    "avg travel time [sec]": 275.8695652173913,
    "occupancy": 0.4176473505912373,
    "empty vkm [frac]": 0.7106648029504787,
    "shared rides [frac]": 0.5434782608695652,
    "total costs [euro]": 652.419884368,
    "driver costs [euro]": 582.4,
    "gas costs [euro]": 70.01988436799999
}