{
    "total_n_trips": 48.0,
    "avg waiting time [sec]": 932.7272727272727,
    "number users": 55.0,
    "served users": 55.0,
    "total driven distance [km]": 476.32574400000004,
    "avg travel time [sec]": 362.1818181818182,
    "occupancy": 0.31946567851264396,
    "empty vkm [frac]": 0.7376074596547532,
    "shared rides [frac]": 0.41818181818181815,
    "total costs [euro]": 652.419884368,
    "driver costs [euro]": 582.4,
    "gas costs [euro]": 70.01988436799999
}