{
    "total_n_trips": 48.0,
    "avg waiting time [sec]": 883.6363636363636,
    "number users": 55.0,
    "served users": 55.0,
    "total driven distance [km]": 476.32574400000004,
    "avg travel time [sec]": 305.45454545454544,
    "occupancy": 0.27794538016824033,
    "empty vkm [frac]": 0.7901570694864651,
    "shared rides [frac]": 0.4,
    "total costs [euro]": 652.419884368,
    "driver costs [euro]": 582.4,
    "gas costs [euro]": 70.01988436799999
}