{
    "total_n_trips": 48.0,
    "avg waiting time [sec]": 1080.0,
    "number users": 55.0,
    "served users": 55.0,
    "total driven distance [km]": 476.32574400000004,
    "avg travel time [sec]": 302.1818181818182,
    "occupancy": 0.2650048030996199,
    "empty vkm [frac]": 0.7852043411703572,
    "shared rides [frac]": 0.34545454545454546,
    "total costs [euro]": 652.419884368,
    "driver costs [euro]": 582.4,
    "gas costs [euro]": 70.01988436799999
}