{
    "total_n_trips": 48.0,
    "avg waiting time [sec]": 948.8372093023256,
    "number users": 129.0,
    "served users": 129.0,
    "total driven distance [km]": 476.32574400000004,
    "avg travel time [sec]": 307.4418604651163,
    "occupancy": 0.6389050137084339,
    "empty vkm [frac]": 0.5841940216441466,
    "shared rides [frac]": 0.6744186046511628,
    "total costs [euro]": 652.419884368,
    "driver costs [euro]": 582.4,
    "gas costs [euro]": 70.01988436799999
}