{
    "total_n_trips": 48.0,
    "avg waiting time [sec]": 998.4375,
    "number users": 128.0,
    "served users": 128.0,
    "total driven distance [km]": 476.32574400000004,
    "avg travel time [sec]": 352.03125,
    "occupancy": 0.7116670330545896,
    "empty vkm [frac]": 0.5539738851486479,
    "shared rides [frac]": 0.734375,
    "total costs [euro]": 652.419884368,
    "driver costs [euro]": 582.4,
    "gas costs [euro]": 70.01988436799999
}