{
    "total_n_trips": 48.0,
    "avg waiting time [sec]": 1032.5581395348838,
    "number users": 129.0,
    "served users": 129.0,
    "total driven distance [km]": 476.32574400000004,
    "avg travel time [sec]": 335.8139534883721,
    "occupancy": 0.6864324133612228,
    "empty vkm [frac]": 0.5859410151889674,
    "shared rides [frac]": 0.7131782945736435,
    "total costs [euro]": 652.419884368,
    "driver costs [euro]": 582.4,
    "gas costs [euro]": 70.01988436799999
}