{
    "total_n_trips": 48.0,
    "avg waiting time [sec]": 997.6744186046511,
    "number users": 129.0,
    "served users": 129.0,
    "total driven distance [km]": 476.32574400000004,
    "avg travel time [sec]": 319.06976744186045,
    "occupancy": 0.6579634881124545,
    "empty vkm [frac]": 0.5673182006303656,
    "shared rides [frac]": 0.6201550387596899,
    "total costs [euro]": 652.419884368,
    "driver costs [euro]": 582.4,
    "gas costs [euro]": 70.01988436799999
}