{
    "total_n_trips": 48.0,
    "avg waiting time [sec]": 1005.46875,
    "number users": 128.0,
    "served users": 128.0,
    "total driven distance [km]": 476.32574400000004,
    "avg travel time [sec]": 303.28125,
    "occupancy": 0.6203431952231412,
    "empty vkm [frac]": 0.6059675477040773,
    "shared rides [frac]": 0.6953125,
    "total costs [euro]": 652.419884368,
    "driver costs [euro]": 582.4,
    "gas costs [euro]": 70.01988436799999
}