{
    "total_n_trips": 48.0,
    "avg waiting time [sec]": 1096.3636363636363,
    "number users": 55.0,
    "served users": 55.0,
    "total driven distance [km]": 476.32574400000004,
    "avg travel time [sec]": 270.54545454545456,
    "occupancy": 0.24697793995362963,
    "empty vkm [frac]": 0.7814564648011133,
    "shared rides [frac]": 0.2545454545454545,
    "total costs [euro]": 652.419884368,
    "driver costs [euro]": 582.4,
    "gas costs [euro]": 70.01988436799999
}