{
    "total_n_trips": 48.0,
    "avg waiting time [sec]": 949.0909090909091,
    "number users": 55.0,
    "served users": 55.0,
    "total driven distance [km]": 476.32574400000004,
    "avg travel time [sec]": 282.54545454545456,
    "occupancy": 0.25247241517981006,
    "empty vkm [frac]": 0.7909794058916123,
    "shared rides [frac]": 0.36363636363636365,
    "total costs [euro]": 652.419884368,
    "driver costs [euro]": 582.4,
    "gas costs [euro]": 70.01988436799999
}