{
    "total_n_trips": 48.0,
    "avg waiting time [sec]": 965.4545454545455,
    "number users": 55.0,
    "served users": 55.0,
    "total driven distance [km]": 476.32574400000004,
    "avg travel time [sec]": 273.8181818181818,
    "occupancy": 0.24563117042021546,
    "empty vkm [frac]": 0.7765151992288709,
    "shared rides [frac]": 0.2909090909090909,
    "total costs [euro]": 652.419884368,
    "driver costs [euro]": 582.4,
    "gas costs [euro]": 70.01988436799999
}