{
    "total_n_trips": 48.0,
    "avg waiting time [sec]": 1047.2727272727273,
    "number users": 55.0,
    "served users": 55.0,
    "total driven distance [km]": 476.32574400000004,
    "avg travel time [sec]": 300.0,
    "occupancy": 0.27434924659457405,
    "empty vkm [frac]": 0.765957564955801,
    "shared rides [frac]": 0.2727272727272727,
    "total costs [euro]": 652.419884368,
    "driver costs [euro]": 582.4,
    "gas costs [euro]": 70.01988436799999
}