{
    "total_n_trips": 48.0,
    "avg waiting time [sec]": 1060.7142857142858,
    "number users": 56.0,
    "served users": 56.0,
    "total driven distance [km]": 476.32574400000004,
    "avg travel time [sec]": 368.57142857142856,
    "occupancy": 0.3365671686223198,
    "empty vkm [frac]": 0.748996405283524,
    "shared rides [frac]": 0.44642857142857145,
    "total costs [euro]": 652.419884368,
    "driver costs [euro]": 582.4,
    "gas costs [euro]": 70.01988436799999
}