{
    "total_n_trips": 48.0,
    "avg waiting time [sec]": 1014.5454545454545,
    "number users": 55.0,
    "served users": 55.0,
    "total driven distance [km]": 476.32574400000004,
    "avg travel time [sec]": 365.45454545454544,
    "occupancy": 0.3172553549824508,
    "empty vkm [frac]": 0.7649320503659367,
    "shared rides [frac]": 0.5272727272727272,
    "total costs [euro]": 652.419884368,
    "driver costs [euro]": 582.4,
    "gas costs [euro]": 70.01988436799999
}