{
    "total_n_trips": 48.0,
    "avg waiting time [sec]": 945.9183673469388,
    "number users": 294.0,
    "served users": 294.0,
    "total driven distance [km]": 476.32574400000004,
    "avg travel time [sec]": 291.2244897959184,
    "occupancy": 1.3784391023803235,
    "empty vkm [frac]": 0.3729184559883878,
    "shared rides [frac]": 0.826530612244898,
    "total costs [euro]": 652.419884368,
    "driver costs [euro]": 582.4,
    "gas costs [euro]": 70.01988436799999
}