{
    "total_n_trips": 48.0,
    "avg waiting time [sec]": 973.7201365187714,
    "number users": 293.0,
    "served users": 293.0,
    "total driven distance [km]": 476.32574400000004,
    "avg travel time [sec]": 307.1672354948806,
    "occupancy": 1.4464031299555373,
    "empty vkm [frac]": 0.4318292231544808,
    "shared rides [frac]": 0.8839590443686007,
    "total costs [euro]": 652.419884368,
    "driver costs [euro]": 582.4,
    "gas costs [euro]": 70.01988436799999
}