{
    "total_n_trips": 48.0,
    "avg waiting time [sec]": 1016.7235494880546,
    "number users": 293.0,
    "served users": 293.0,
    "total driven distance [km]": 476.32574400000004,
    "avg travel time [sec]": 319.24914675767917,
    "occupancy": 1.4917706715427923,
    "empty vkm [frac]": 0.3310961059455146,
    "shared rides [frac]": 0.8498293515358362,
    "total costs [euro]": 652.419884368,
    "driver costs [euro]": 582.4,
    "gas costs [euro]": 70.01988436799999
}