{
    "total_n_trips": 48.0,
    "avg waiting time [sec]": 979.5918367346939,
    "number users": 294.0,
    "served users": 294.0,
    "total driven distance [km]": 476.32574400000004,
    "avg travel time [sec]": 292.0408163265306,
    "occupancy": 1.394262322298498,
    "empty vkm [frac]": 0.40873120223373866,
    "shared rides [frac]": 0.8333333333333334,
    "total costs [euro]": 652.419884368,
    "driver costs [euro]": 582.4,
    "gas costs [euro]": 70.01988436799999
}