{
    "total_n_trips": 48.0,
    "avg waiting time [sec]": 961.4334470989761,
    "number users": 293.0,
    "served users": 293.0,
    "total driven distance [km]": 476.32574400000004,
    "avg travel time [sec]": 321.09215017064844,
    "occupancy": 1.5121351870496416,
    "empty vkm [frac]": 0.370681367161209,
    "shared rides [frac]": 0.8430034129692833,
    "total costs [euro]": 652.419884368,
    "driver costs [euro]": 582.4,
    "gas costs [euro]": 70.01988436799999
}