{
    "total_n_trips": 48.0,
    "avg waiting time [sec]": 973.469387755102,
    "number users": 294.0,
    "served users": 294.0,
    "total driven distance [km]": 476.32574400000004,
    "avg travel time [sec]": 312.2448979591837,
    "occupancy": 1.4551649343563509,
    "empty vkm [frac]": 0.3844155188051311,
    "shared rides [frac]": 0.8707482993197279,
    "total costs [euro]": 652.419884368,
    "driver costs [euro]": 582.4,
    "gas costs [euro]": 70.01988436799999
}