{
    "total_n_trips": 48.0,
    "avg waiting time [sec]": 982.6530612244898,
    "number users": 294.0,
    "served users": 294.0,
    "total driven distance [km]": 476.32574400000004,
    "avg travel time [sec]": 306.3265306122449,
    "occupancy": 1.4568705969417435,
    "empty vkm [frac]": 0.43176165384838,
    "shared rides [frac]": 0.8741496598639455,
    "total costs [euro]": 652.419884368,
    "driver costs [euro]": 582.4,
    "gas costs [euro]": 70.01988436799999
}