{
    "total_n_trips": 48.0,
    "avg waiting time [sec]": 979.8634812286689,
    "number users": 293.0,
    "served users": 293.0,
    "total driven distance [km]": 476.32574400000004,
    "avg travel time [sec]": 298.77133105802045,
    "occupancy": 1.432171113136392,
    "empty vkm [frac]": 0.38452786629143443,
    "shared rides [frac]": 0.856655290102389,
    "total costs [euro]": 652.419884368,
    "driver costs [euro]": 582.4,
    "gas costs [euro]": 70.01988436799999
}