{
    "total_n_trips": 48.0,
    "avg waiting time [sec]": 991.8367346938776,
    "number users": 294.0,
    "served users": 294.0,
    "total driven distance [km]": 476.32574400000004,
    "avg travel time [sec]": 303.8775510204082,
    "occupancy": 1.4418077642261553,
    "empty vkm [frac]": 0.4150641057939544,
    "shared rides [frac]": 0.8945578231292517,
    "total costs [euro]": 652.419884368,
    "driver costs [euro]": 582.4,
    "gas costs [euro]": 70.01988436799999
}