{
    "total_n_trips": 48.0,
    "avg waiting time [sec]": 1019.3877551020408,
    "number users": 294.0,
    "served users": 294.0,
    "total driven distance [km]": 476.32574400000004,
    "avg travel time [sec]": 306.9387755102041,
    "occupancy": 1.482919699171246,
    "empty vkm [frac]": 0.39010612241861115,
    "shared rides [frac]": 0.9149659863945578,
    "total costs [euro]": 652.419884368,
    "driver costs [euro]": 582.4,
    "gas costs [euro]": 70.01988436799999
}