{
    "total_n_trips": 48.0,
    "avg waiting time [sec]": 949.0909090909091,
    "number users": 110.0,
    "served users": 110.0,
    "total driven distance [km]": 476.32574400000004,
    "avg travel time [sec]": 357.8181818181818,
    "occupancy": 0.6187540978259618,
    "empty vkm [frac]": 0.614561173078229,
    "shared rides [frac]": 0.7545454545454545,
    "total costs [euro]": 652.419884368,
    "driver costs [euro]": 582.4,
    "gas costs [euro]": 70.01988436799999
}