{
    "total_n_trips": 48.0,
    "avg waiting time [sec]": 981.8181818181819,
    "number users": 110.0,
    "served users": 110.0,
    "total driven distance [km]": 476.32574400000004,
    "avg travel time [sec]": 325.6363636363636,
    "occupancy": 0.5770662733694276,
    "empty vkm [frac]": 0.6012901603739481,
    "shared rides [frac]": 0.5363636363636364,
    "total costs [euro]": 652.419884368,
    "driver costs [euro]": 582.4,
    "gas costs [euro]": 70.01988436799999
}