{
    "total_n_trips": 48.0,
    "avg waiting time [sec]": 957.2727272727273,
    "number users": 110.0,
    "served users": 110.0,
    "total driven distance [km]": 476.32574400000004,
    "avg travel time [sec]": 284.1818181818182,
    "occupancy": 0.4863387774396673,
    "empty vkm [frac]": 0.7016528756001905,
    "shared rides [frac]": 0.6363636363636364,
    "total costs [euro]": 652.419884368,
    "driver costs [euro]": 582.4,
    "gas costs [euro]": 70.01988436799999
}