{
    "total_n_trips": 48.0,
    "avg waiting time [sec]": 973.6363636363636,
    "number users": 110.0,
    "served users": 110.0,
    "total driven distance [km]": 476.32574400000004,
    "avg travel time [sec]": 317.45454545454544,
    "occupancy": 0.552321236703931,
    "empty vkm [frac]": 0.6554548162318099,
    "shared rides [frac]": 0.6545454545454545,
    "total costs [euro]": 652.419884368,
    "driver costs [euro]": 582.4,
    "gas costs [euro]": 70.01988436799999
}