{
    "total_n_trips": 48.0,
    "avg waiting time [sec]": 990.0,
    "number users": 110.0,
    "served users": 110.0,
    "total driven distance [km]": 476.32574400000004,
    "avg travel time [sec]": 284.72727272727275,
    "occupancy": 0.4988645690332456,
    "empty vkm [frac]": 0.6559189775810231,
    "shared rides [frac]": 0.5818181818181818,
    "total costs [euro]": 652.419884368,
    "driver costs [euro]": 582.4,
    "gas costs [euro]": 70.01988436799999
}