{
    "total_n_trips": 48.0,
    "avg waiting time [sec]": 997.8260869565217,
    "number users": 92.0,
    "served users": 92.0,
    "total driven distance [km]": 476.32574400000004,
    "avg travel time [sec]": 301.30434782608694,
    "occupancy": 0.4504628475424162,
    "empty vkm [frac]": 0.6791823244388827,
    "shared rides [frac]": 0.5,
    "total costs [euro]": 652.419884368,
    "driver costs [euro]": 582.4,
    "gas costs [euro]": 70.01988436799999
}