{
    "total_n_trips": 48.0,
    "avg waiting time [sec]": 958.695652173913,
    "number users": 92.0,
    "served users": 92.0,
    "total driven distance [km]": 476.32574400000004,
    "avg travel time [sec]": 325.4347826086956,
    "occupancy": 0.4827922380781501,
    "empty vkm [frac]": 0.6731526671378069,
    "shared rides [frac]": 0.5760869565217391,
    "total costs [euro]": 652.419884368,
    "driver costs [euro]": 582.4,
    "gas costs [euro]": 70.01988436799999
}