{
    "total_n_trips": 48.0,
    "avg waiting time [sec]": 979.1208791208791,
    "number users": 91.0,
    "served users": 91.0,
    "total driven distance [km]": 476.32574400000004,
    "avg travel time [sec]": 319.1208791208791,
    "occupancy": 0.46943235551845375,
    "empty vkm [frac]": 0.6655021211702555,
    "shared rides [frac]": 0.6703296703296703,
    "total costs [euro]": 652.419884368,
    "driver costs [euro]": 582.4,
    "gas costs [euro]": 70.01988436799999
}