{
    "total_n_trips": 48.0,
    "avg waiting time [sec]": 997.8260869565217,
    "number users": 92.0,
    "served users": 92.0,
    "total driven distance [km]": 476.32574400000004,
    "avg travel time [sec]": 311.7391304347826,
    "occupancy": 0.46010907191277084,
    "empty vkm [frac]": 0.6656168955671649,
    "shared rides [frac]": 0.6086956521739131,
    "total costs [euro]": 652.419884368,
    "driver costs [euro]": 582.4,
    "gas costs [euro]": 70.01988436799999
}