{
    "total_n_trips": 48.0,
    "avg waiting time [sec]": 1017.3913043478261,
    "number users": 92.0,
    "served users": 92.0,
    "total driven distance [km]": 476.32574400000004,
    "avg travel time [sec]": 329.3478260869565,
    "occupancy": 0.5014574458944213,
    "empty vkm [frac]": 0.639742633772069,
    "shared rides [frac]": 0.5217391304347826,
    "total costs [euro]": 652.419884368,
    "driver costs [euro]": 582.4,
    "gas costs [euro]": 70.01988436799999
}